hour;wind_capacity_factor
1;0
2;0
3;0
4;0
5;0.022
6;0.005
7;0.002
8;0.002
9;0.014
10;0.012
11;0.083
12;0.003
13;0
14;0
15;0.001
16;0.002
17;0.003
18;0.002
19;0.002
20;0.002
21;0.002
22;0.001
23;0.001
24;0
25;0.001
26;0
27;0
28;0
29;0.001
30;0.003
31;0.017
32;0.155
33;0.446
34;0.317
35;0.055
36;0
37;0.001
38;0.002
39;0.005
40;0.006
41;0.006
42;0.005
43;0.003
44;0.003
45;0.005
46;0.006
47;0.005
48;0.003
49;0.002
50;0.001
51;0
52;0.001
53;0.081
54;0.15
55;0.399
56;0.968
57;1.484
58;1.531
59;0.63
60;0.071
61;0.007
62;0
63;0
64;0.001
65;0.002
66;0.002
67;0.002
68;0.001
69;0
70;0.001
71;0.002
72;0.003
73;0.002
74;0.002
75;0.001
76;0.008
77;0.351
78;0.782
79;1.154
80;1.088
81;0.877
82;0.55
83;0.326
84;0.007
85;0
86;0
87;0
88;0.001
89;0.001
90;0.004
91;0.004
92;0.003
93;0.002
94;0.001
95;0.002
96;0
97;0
98;0
99;0
100;0
101;0.002
102;0.006
103;0.019
104;0.094
105;0.176
106;0.173
107;0.11
108;0.003
109;0
110;0
111;0.002
112;0.006
113;0.009
114;0.009
115;0.013
116;0.021
117;0.025
118;0.027
119;0.021
120;0.015
121;0.01
122;0.007
123;0.001
124;0
125;0
126;0
127;0.008
128;0.189
129;0.649
130;1.419
131;0.396
132;0.029
133;0
134;0.001
135;0.013
136;0.026
137;0.038
138;0.058
139;0.092
140;0.107
141;0.059
142;0.009
143;0.006
144;0.01
145;0.021
146;0.034
147;0.067
148;0.247
149;0.079
150;0.137
151;0.224
152;0.475
153;0.849
154;0.457
155;0.236
156;0.055
157;0.044
158;0.029
159;0.035
160;0.014
161;0.002
162;0.001
163;0.001
164;0.002
165;0.002
166;0.002
167;0.004
168;0.004
169;0.008
170;0.016
171;0.014
172;0
173;0
174;0
175;0.131
176;0.357
177;0.542
178;0.777
179;0.769
180;0.097
181;0.003
182;0.002
183;0.004
184;0.003
185;0.002
186;0.001
187;0
188;0
189;0
190;0
191;0
192;0
193;0
194;0.001
195;0
196;0
197;0.009
198;0.071
199;0.332
200;0.941
201;1.588
202;1.775
203;0.831
204;0.071
205;0.006
206;0
207;0
208;0
209;0.001
210;0.001
211;0
212;0
213;0
214;0
215;0
216;0.001
217;0.002
218;0.004
219;0.002
220;0.001
221;0.015
222;0.046
223;0.247
224;0.313
225;0.214
226;0.167
227;0.268
228;0.02
229;0
230;0
231;0
232;0
233;0.001
234;0.001
235;0.001
236;0.001
237;0.001
238;0.002
239;0.001
240;0
241;0
242;0
243;0
244;0
245;0.001
246;0.022
247;0.119
248;0.225
249;0.236
250;0.397
251;0.278
252;0.027
253;0.001
254;0.001
255;0.001
256;0.001
257;0.001
258;0.001
259;0.002
260;0.004
261;0.004
262;0.002
263;0.001
264;0.001
265;0.001
266;0.001
267;0
268;0
269;0
270;0
271;0.001
272;0.011
273;0.088
274;0.278
275;0.257
276;0.016
277;0
278;0
279;0
280;0
281;0
282;0.001
283;0.001
284;0.001
285;0.001
286;0.001
287;0
288;0
289;0
290;0
291;0
292;0
293;0.001
294;0.001
295;0.014
296;0.126
297;0.249
298;0.631
299;0.317
300;0.042
301;0.001
302;0
303;0.002
304;0.006
305;0.014
306;0.022
307;0.023
308;0.023
309;0.024
310;0.025
311;0.021
312;0.018
313;0.014
314;0.009
315;0.002
316;0.001
317;0.009
318;0.015
319;0.044
320;0.077
321;0.09
322;0.16
323;0.741
324;0.138
325;0.012
326;0.002
327;0.003
328;0.005
329;0.004
330;0.002
331;0.001
332;0
333;0
334;0
335;0.003
336;0.01
337;0.022
338;0.031
339;0.034
340;0.131
341;0.076
342;0.163
343;2.057
344;3.723
345;3.007
346;1.569
347;0.405
348;0.014
349;0
350;0
351;0.001
352;0.003
353;0.004
354;0
355;0
356;0
357;0
358;0
359;0
360;0
361;0
362;0
363;0
364;0
365;0
366;0
367;0
368;0.003
369;0.053
370;0.091
371;0.203
372;0.01
373;0
374;0
375;0
376;0
377;0
378;0
379;0
380;0
381;0
382;0
383;0
384;0.001
385;0.003
386;0.001
387;0
388;0
389;0
390;0.002
391;0.025
392;0.156
393;0.321
394;0.848
395;0.603
396;0.071
397;0.001
398;0
399;0
400;0.003
401;0.007
402;0.011
403;0.015
404;0.022
405;0.039
406;0.053
407;0.058
408;0.066
409;0.072
410;0.056
411;0.016
412;0
413;0
414;0.009
415;0.09
416;0.206
417;0.147
418;0.137
419;0.363
420;0.071
421;0.005
422;0
423;0
424;0
425;0
426;0
427;0
428;0
429;0.001
430;0
431;0
432;0.001
433;0.001
434;0.001
435;0
436;0.001
437;0.001
438;0.004
439;0.023
440;0.097
441;0.109
442;0.164
443;0.317
444;0.046
445;0.002
446;0
447;0
448;0
449;0
450;0
451;0
452;0
453;0.001
454;0.001
455;0.001
456;0.001
457;0.003
458;0.005
459;0.001
460;0.021
461;0.071
462;0.017
463;0.012
464;0.033
465;0.079
466;0.043
467;0.128
468;0.009
469;0
470;0
471;0
472;0.001
473;0.001
474;0.001
475;0.001
476;0.003
477;0.005
478;0.005
479;0.002
480;0.001
481;0.001
482;0
483;0
484;0.006
485;0.014
486;0.03
487;0.179
488;0.23
489;0.102
490;0.038
491;0.083
492;0.008
493;0
494;0
495;0
496;0.002
497;0.004
498;0.004
499;0.005
500;0.011
501;0.014
502;0.011
503;0.014
504;0.022
505;0.04
506;0.041
507;0.01
508;0.001
509;0.005
510;0.051
511;0.255
512;0.611
513;0.88
514;0.449
515;0.112
516;0.021
517;0.001
518;0
519;0
520;0.006
521;0.017
522;0.021
523;0.022
524;0.02
525;0.015
526;0.01
527;0.003
528;0.01
529;0.089
530;0.34
531;1.198
532;1.381
533;0.293
534;0.041
535;0.028
536;0.169
537;0.512
538;0.736
539;0.948
540;0.549
541;0.055
542;0.189
543;0.325
544;0.254
545;0.127
546;0.109
547;0.222
548;0.215
549;0.153
550;0.042
551;0.005
552;0.001
553;0.005
554;0.027
555;0.015
556;0
557;0.001
558;0
559;0
560;0
561;0
562;0
563;0.001
564;0.005
565;0
566;0
567;0.001
568;0.002
569;0.004
570;0.006
571;0.012
572;0.03
573;0.066
574;0.078
575;0.08
576;0.077
577;0.063
578;0.029
579;0.016
580;0.025
581;0.002
582;0
583;0.029
584;1.59
585;3.73
586;5.68
587;2.687
588;0.583
589;0.166
590;0.052
591;0.118
592;0.225
593;0.417
594;0.56
595;0.696
596;1.143
597;1.365
598;1.621
599;1.704
600;1.106
601;0.65
602;0.321
603;0.19
604;0.016
605;0
606;0
607;0
608;0.071
609;0.174
610;0.176
611;0.385
612;0.049
613;0.005
614;0
615;0
616;0
617;0.001
618;0.002
619;0.004
620;0.007
621;0.01
622;0.008
623;0.004
624;0.003
625;0.004
626;0.003
627;0.001
628;0
629;0
630;0
631;0
632;0.001
633;0.005
634;0.078
635;0.772
636;0.128
637;0.042
638;0.007
639;0.001
640;0.001
641;0.001
642;0
643;0
644;0
645;0
646;0
647;0
648;0.001
649;0.002
650;0.001
651;0
652;0.015
653;0.064
654;0.089
655;0.136
656;0.223
657;0.338
658;0.534
659;0.62
660;0.144
661;0.03
662;0.001
663;0
664;0.001
665;0.002
666;0.005
667;0.01
668;0.014
669;0.014
670;0.01
671;0.006
672;0.005
673;0.004
674;0.002
675;0.001
676;0.015
677;0.044
678;0.238
679;0.993
680;1.762
681;1.937
682;2.025
683;1.566
684;0.302
685;0.128
686;0.078
687;0.033
688;0.028
689;0.029
690;0.026
691;0.027
692;0.026
693;0.021
694;0.018
695;0.047
696;0.109
697;0.074
698;0.027
699;0.01
700;0.001
701;0.016
702;0.021
703;0.023
704;0.025
705;0.044
706;0.059
707;0.336
708;0.024
709;0.001
710;0.001
711;0.001
712;0
713;0
714;0
715;0
716;0
717;0
718;0
719;0
720;0.001
721;0.004
722;0.001
723;0
724;0.003
725;0
726;0.001
727;0.029
728;0.067
729;0.041
730;0.014
731;0
732;0
733;0
734;0
735;0
736;0
737;0.001
738;0.001
739;0.001
740;0.001
741;0.002
742;0.002
743;0.002
744;0.001
745;0.001
746;0.001
747;0
748;0.002
749;0.005
750;0.07
751;0.266
752;0.347
753;0.302
754;0.331
755;0.547
756;0.044
757;0
758;0
759;0
760;0.002
761;0.007
762;0.01
763;0.013
764;0.015
765;0.018
766;0.018
767;0.015
768;0.015
769;0.015
770;0.011
771;0.007
772;0.015
773;0.083
774;0.261
775;0.753
776;1.402
777;1.531
778;1.864
779;2.238
780;0.222
781;0.008
782;0.001
783;0.004
784;0.009
785;0.009
786;0.009
787;0.012
788;0.01
789;0.011
790;0.011
791;0.008
792;0.008
793;0.016
794;0.02
795;0.014
796;0.083
797;0.39
798;0.235
799;0.554
800;0.827
801;0.488
802;0.37
803;0.73
804;0.106
805;0.004
806;0.003
807;0.007
808;0.01
809;0.007
810;0.005
811;0.005
812;0.008
813;0.006
814;0.003
815;0.005
816;0.006
817;0.007
818;0.01
819;0.026
820;0.262
821;1.448
822;2.704
823;3.47
824;5.803
825;6.87
826;3.542
827;1.682
828;0.115
829;0.029
830;0.003
831;0
832;0
833;0
834;0
835;0
836;0
837;0
838;0
839;0
840;0
841;0
842;0
843;0
844;0
845;0.001
846;0.014
847;0.05
848;0.044
849;0.103
850;0.167
851;0.799
852;0.058
853;0
854;0
855;0
856;0.001
857;0.006
858;0.012
859;0.019
860;0.019
861;0.011
862;0.005
863;0.002
864;0.001
865;0.001
866;0.001
867;0
868;0.001
869;0
870;0.034
871;0.337
872;0.664
873;1.567
874;3.303
875;2.653
876;0.317
877;0.026
878;0.001
879;0
880;0.001
881;0.003
882;0.008
883;0.013
884;0.021
885;0.022
886;0.035
887;0.021
888;0.001
889;0
890;0.002
891;0.01
892;0.02
893;0.09
894;0.164
895;0.484
896;0.619
897;0.842
898;1.127
899;0.006
900;0.056
901;0.238
902;0.292
903;0.29
904;0.063
905;0.157
906;0.862
907;0.727
908;0.07
909;0.232
910;1.014
911;0.915
912;0.229
913;0.143
914;0.125
915;0.145
916;0.061
917;0.032
918;0.026
919;0.009
920;0.006
921;0.465
922;4.728
923;0.982
924;0.002
925;0.003
926;0.003
927;0
928;0
929;0
930;0
931;0.001
932;0.001
933;0
934;0
935;0.001
936;0.002
937;0.008
938;0.036
939;0.209
940;0.893
941;5.141
942;9.131
943;8.475
944;6.027
945;3.441
946;1.771
947;0.676
948;0.053
949;0.03
950;0.02
951;0.033
952;0.026
953;0.023
954;0.025
955;0.03
956;0.051
957;0.117
958;0.27
959;0.467
960;0.622
961;0.854
962;1.192
963;0.991
964;0.001
965;0.273
966;0.465
967;0.056
968;0.058
969;0.133
970;0.31
971;0.444
972;0.012
973;0.002
974;0.002
975;0.002
976;0.001
977;0.002
978;0
979;0
980;0
981;0
982;0
983;0
984;0
985;0
986;0
987;0
988;0.054
989;0.055
990;0.007
991;0
992;0.003
993;0.048
994;0.108
995;0.284
996;0.021
997;0.001
998;0.001
999;0.001
1000;0.002
1001;0.003
1002;0.007
1003;0.008
1004;0.014
1005;0.025
1006;0.018
1007;0.016
1008;0.022
1009;0.021
1010;0.041
1011;0.014
1012;0
1013;0.006
1014;0.062
1015;0.109
1016;0.378
1017;0.618
1018;0.958
1019;1.03
1020;0.072
1021;0.008
1022;0.004
1023;0.002
1024;0.001
1025;0.002
1026;0.003
1027;0.011
1028;0.026
1029;0.033
1030;0.032
1031;0.033
1032;0.036
1033;0.03
1034;0.013
1035;0.006
1036;0.034
1037;0.018
1038;0.001
1039;0.098
1040;0.226
1041;0.36
1042;0.932
1043;1.239
1044;0.025
1045;0
1046;0
1047;0
1048;0
1049;0.001
1050;0.002
1051;0.002
1052;0.003
1053;0.005
1054;0.005
1055;0.002
1056;0.001
1057;0
1058;0
1059;0
1060;0.005
1061;0.004
1062;0.038
1063;0.153
1064;0.268
1065;0.432
1066;0.81
1067;0.29
1068;0.002
1069;0.002
1070;0.004
1071;0.004
1072;0.006
1073;0.005
1074;0.006
1075;0.011
1076;0.026
1077;0.014
1078;0.007
1079;0.014
1080;0.022
1081;0.001
1082;0.032
1083;0.045
1084;0.021
1085;0.002
1086;0
1087;0
1088;0.002
1089;0.141
1090;5.093
1091;1.471
1092;0.001
1093;0
1094;0.991
1095;0.767
1096;0.055
1097;0.008
1098;0.051
1099;0.047
1100;0.017
1101;0.001
1102;0
1103;0.002
1104;0.003
1105;0.002
1106;0
1107;0
1108;0.006
1109;0.001
1110;0.002
1111;0.004
1112;0.002
1113;0
1114;0.001
1115;0.123
1116;0.032
1117;0.006
1118;0.001
1119;0
1120;0
1121;0.001
1122;0.001
1123;0.002
1124;0.002
1125;0.004
1126;0.011
1127;0.024
1128;0.053
1129;0.079
1130;0.106
1131;0.385
1132;1.718
1133;3.178
1134;5.363
1135;7.679
1136;9.165
1137;9.81
1138;10.044
1139;7.424
1140;1.99
1141;0.289
1142;0.12
1143;0.07
1144;0.058
1145;0.053
1146;0.04
1147;0.017
1148;0.006
1149;0.007
1150;0.006
1151;0.004
1152;0.002
1153;0.004
1154;0.001
1155;0.01
1156;0.528
1157;0.826
1158;1.751
1159;1.802
1160;2.021
1161;2.363
1162;3.19
1163;3.378
1164;0.271
1165;0.016
1166;0.001
1167;0
1168;0
1169;0
1170;0
1171;0
1172;0
1173;0
1174;0
1175;0.001
1176;0.008
1177;0.021
1178;0.006
1179;0
1180;0.004
1181;0.484
1182;1.926
1183;3.6
1184;5.108
1185;6.669
1186;6.337
1187;3.918
1188;0.38
1189;0.024
1190;0.002
1191;0
1192;0.001
1193;0.002
1194;0.013
1195;0.028
1196;0.029
1197;0.02
1198;0.012
1199;0.006
1200;0.002
1201;0.001
1202;0
1203;0.007
1204;0.382
1205;1.901
1206;3.946
1207;7.066
1208;9.153
1209;9.59
1210;6.603
1211;2.433
1212;0.163
1213;0.015
1214;0.001
1215;0
1216;0
1217;0.001
1218;0.002
1219;0.003
1220;0.005
1221;0.009
1222;0.009
1223;0.006
1224;0.007
1225;0.007
1226;0.004
1227;0.001
1228;0.007
1229;0.784
1230;3.076
1231;4.311
1232;4.004
1233;4.609
1234;5.061
1235;3.763
1236;0.427
1237;0.068
1238;0.008
1239;0.007
1240;0.012
1241;0.02
1242;0.019
1243;0.019
1244;0.019
1245;0.022
1246;0.021
1247;0.013
1248;0.006
1249;0.003
1250;0.004
1251;0.009
1252;0.982
1253;4.649
1254;7.701
1255;9.853
1256;11.297
1257;11.814
1258;11.586
1259;8.711
1260;1.759
1261;0.583
1262;0.165
1263;0.018
1264;0.004
1265;0.004
1266;0.005
1267;0.005
1268;0.009
1269;0.016
1270;0.021
1271;0.015
1272;0.012
1273;0.014
1274;0.005
1275;0.001
1276;0.11
1277;1.107
1278;3.934
1279;3.425
1280;3.108
1281;4.582
1282;6.234
1283;5.618
1284;1.609
1285;0.282
1286;0.041
1287;0.01
1288;0.004
1289;0.011
1290;0.021
1291;0.02
1292;0.014
1293;0.009
1294;0.005
1295;0.003
1296;0.001
1297;0
1298;0
1299;0
1300;0.085
1301;0.401
1302;1.385
1303;2.367
1304;3.397
1305;4.111
1306;1.545
1307;0.111
1308;0.026
1309;0.011
1310;0
1311;0
1312;0.001
1313;0.001
1314;0.005
1315;0.007
1316;0.004
1317;0.004
1318;0.051
1319;0.071
1320;0.014
1321;0.01
1322;0.077
1323;0.079
1324;0.01
1325;0.465
1326;1.641
1327;3.344
1328;4.918
1329;5.918
1330;6.302
1331;4.936
1332;1.093
1333;0.274
1334;0.137
1335;0.044
1336;0.015
1337;0.007
1338;0.014
1339;0.029
1340;0.08
1341;0.163
1342;0.212
1343;0.163
1344;0.112
1345;0.046
1346;0.004
1347;0
1348;0.025
1349;0.068
1350;0.077
1351;0.188
1352;0.542
1353;1.238
1354;2.774
1355;3.383
1356;0.766
1357;0.172
1358;0.033
1359;0.004
1360;0
1361;0.001
1362;0.008
1363;0.057
1364;0.263
1365;0.368
1366;0.081
1367;0.284
1368;1.83
1369;3.514
1370;3.999
1371;3.846
1372;3.803
1373;5.064
1374;11.153
1375;18.159
1376;20.979
1377;21.595
1378;19.628
1379;14.867
1380;6.719
1381;3.584
1382;4.867
1383;4.232
1384;2.891
1385;1.839
1386;0.918
1387;0.207
1388;0.02
1389;0.008
1390;0.008
1391;0.006
1392;0.003
1393;0.002
1394;0.002
1395;0.019
1396;0.073
1397;0.091
1398;0.115
1399;0.317
1400;1.198
1401;2.703
1402;3.193
1403;2.3
1404;0.431
1405;0.042
1406;0.014
1407;0.017
1408;0.033
1409;0.062
1410;0.072
1411;0.079
1412;0.088
1413;0.118
1414;0.138
1415;0.158
1416;0.177
1417;0.168
1418;0.085
1419;0.027
1420;0.206
1421;1.113
1422;1.496
1423;0.947
1424;1.259
1425;1.439
1426;0.947
1427;0.994
1428;0.223
1429;0.024
1430;0.003
1431;0.002
1432;0.002
1433;0.003
1434;0.006
1435;0.008
1436;0.025
1437;0.042
1438;0.04
1439;0.011
1440;0.001
1441;0.005
1442;0.007
1443;0.012
1444;0
1445;0.014
1446;0.006
1447;0.021
1448;0.191
1449;0.079
1450;0.037
1451;0.024
1452;0.007
1453;0
1454;0.001
1455;0
1456;0.001
1457;0.006
1458;0.006
1459;0.011
1460;0.004
1461;0.001
1462;0
1463;0
1464;0.001
1465;0
1466;0
1467;0
1468;0.005
1469;0.003
1470;0.026
1471;0.058
1472;0.078
1473;0.907
1474;2.75
1475;2.706
1476;0.523
1477;0.05
1478;0.01
1479;0.002
1480;0.001
1481;0.002
1482;0.004
1483;0.008
1484;0.012
1485;0.011
1486;0.007
1487;0.001
1488;0
1489;0
1490;0
1491;0.014
1492;0.397
1493;0.808
1494;0.447
1495;0.61
1496;1.095
1497;1.792
1498;2.482
1499;2.889
1500;0.676
1501;0.108
1502;0.079
1503;0.059
1504;0.06
1505;0.054
1506;0.041
1507;0.023
1508;0.007
1509;0.001
1510;0.002
1511;0.003
1512;0.004
1513;0.004
1514;0.001
1515;0
1516;0.024
1517;0.078
1518;0.124
1519;0.145
1520;0.176
1521;0.606
1522;1.465
1523;2.149
1524;0.756
1525;0.203
1526;0.125
1527;0.066
1528;0.016
1529;0.001
1530;0
1531;0.002
1532;0.004
1533;0.007
1534;0.008
1535;0.002
1536;0.001
1537;0.004
1538;0.008
1539;0.072
1540;0.643
1541;0.072
1542;0.009
1543;0.027
1544;0.196
1545;0.569
1546;0.919
1547;1.74
1548;0.91
1549;0.174
1550;0.025
1551;0.001
1552;0.002
1553;0.005
1554;0.008
1555;0.009
1556;0.011
1557;0.006
1558;0.003
1559;0.004
1560;0.007
1561;0.007
1562;0.003
1563;0.002
1564;0.204
1565;0.128
1566;0.57
1567;0.807
1568;1.397
1569;2.065
1570;2.864
1571;2.34
1572;0.62
1573;0.12
1574;0.014
1575;0.001
1576;0.001
1577;0.001
1578;0.003
1579;0.009
1580;0.02
1581;0.03
1582;0.041
1583;0.038
1584;0.015
1585;0.007
1586;0.001
1587;0.008
1588;0.249
1589;0.068
1590;0.278
1591;1.069
1592;1.469
1593;2.195
1594;2.432
1595;2.702
1596;0.909
1597;0.165
1598;0.073
1599;0.02
1600;0.003
1601;0.001
1602;0.002
1603;0.003
1604;0.003
1605;0.003
1606;0.005
1607;0.007
1608;0.012
1609;0.014
1610;0.004
1611;0.017
1612;0.512
1613;1.406
1614;1.194
1615;1.018
1616;1.686
1617;3.055
1618;4.446
1619;4.464
1620;0.977
1621;0.207
1622;0.066
1623;0.018
1624;0.004
1625;0.004
1626;0.009
1627;0.021
1628;0.037
1629;0.047
1630;0.052
1631;0.026
1632;0.012
1633;0.009
1634;0.008
1635;0.033
1636;0.672
1637;0.501
1638;0.249
1639;0.195
1640;0.169
1641;0.167
1642;0.263
1643;1.228
1644;0.439
1645;0.075
1646;0.01
1647;0.004
1648;0.007
1649;0.016
1650;0.032
1651;0.05
1652;0.058
1653;0.052
1654;0.037
1655;0.015
1656;0.006
1657;0.004
1658;0.001
1659;0.001
1660;0.006
1661;0
1662;0.007
1663;0.136
1664;0.545
1665;0.832
1666;1.604
1667;2.966
1668;0.673
1669;0.105
1670;0.019
1671;0.01
1672;0.015
1673;0.025
1674;0.039
1675;0.059
1676;0.09
1677;0.156
1678;0.214
1679;0.221
1680;0.203
1681;0.17
1682;0.099
1683;0.242
1684;2.552
1685;6.265
1686;10.053
1687;13.721
1688;15.747
1689;15.626
1690;14.122
1691;11.305
1692;4.193
1693;1.069
1694;0.309
1695;0.082
1696;0.051
1697;0.045
1698;0.029
1699;0.009
1700;0.002
1701;0.001
1702;0.001
1703;0
1704;0
1705;0
1706;0
1707;0.007
1708;0.112
1709;0.264
1710;0.519
1711;0.624
1712;0.963
1713;2.382
1714;3.947
1715;5.048
1716;1.266
1717;0.312
1718;0.082
1719;0.034
1720;0.014
1721;0.012
1722;0.018
1723;0.022
1724;0.025
1725;0.031
1726;0.03
1727;0.014
1728;0.008
1729;0.012
1730;0.009
1731;0.234
1732;1.185
1733;1.747
1734;2.428
1735;3.943
1736;5.26
1737;4.744
1738;4.232
1739;5.211
1740;1.761
1741;0.386
1742;0.177
1743;0.133
1744;0.112
1745;0.135
1746;0.118
1747;0.162
1748;0.071
1749;0.033
1750;0.023
1751;0.008
1752;0
1753;0
1754;0
1755;0
1756;0.776
1757;3.086
1758;4.131
1759;4.433
1760;4.968
1761;5.501
1762;5.186
1763;3.523
1764;0.878
1765;0.124
1766;0.071
1767;0.051
1768;0.031
1769;0.02
1770;0.007
1771;0.004
1772;0.006
1773;0.009
1774;0.012
1775;0.014
1776;0.015
1777;0.012
1778;0.005
1779;0.003
1780;0.027
1781;0.107
1782;0.388
1783;1.127
1784;2.251
1785;3.008
1786;2.939
1787;3.32
1788;1.548
1789;0.131
1790;0.01
1791;0.002
1792;0.003
1793;0.004
1794;0.004
1795;0.003
1796;0.003
1797;0.003
1798;0.002
1799;0.001
1800;0
1801;0
1802;0
1803;0.003
1804;0.014
1805;0.001
1806;0.009
1807;0.036
1808;0.04
1809;0.046
1810;0.148
1811;1.324
1812;0.482
1813;0.08
1814;0.019
1815;0.028
1816;0.007
1817;0.001
1818;0
1819;0
1820;0.001
1821;0.001
1822;0
1823;0
1824;0
1825;0.002
1826;0.001
1827;0
1828;0.01
1829;0.123
1830;0.397
1831;0.98
1832;1.26
1833;1.768
1834;2.584
1835;2.617
1836;0.849
1837;0.108
1838;0.034
1839;0.012
1840;0.006
1841;0.012
1842;0.014
1843;0.013
1844;0.012
1845;0.014
1846;0.013
1847;0.01
1848;0.004
1849;0
1850;0
1851;0.516
1852;0.403
1853;0.131
1854;0.14
1855;0.453
1856;0.929
1857;2.124
1858;4.238
1859;4.565
1860;2.136
1861;0.341
1862;0.205
1863;0.118
1864;0.023
1865;0.001
1866;0.004
1867;0.014
1868;0.041
1869;0.061
1870;0.052
1871;0.025
1872;0.012
1873;0.007
1874;0
1875;0.021
1876;0.071
1877;0.027
1878;0.181
1879;0.808
1880;1.392
1881;2.27
1882;2.515
1883;2.519
1884;0.876
1885;0.112
1886;0.063
1887;0.037
1888;0.009
1889;0.001
1890;0.011
1891;0.111
1892;0.297
1893;0.389
1894;0.315
1895;0.156
1896;0.061
1897;0.009
1898;0
1899;0.083
1900;1.668
1901;3.657
1902;4.696
1903;5.396
1904;6.322
1905;6.515
1906;6.043
1907;4.839
1908;1.228
1909;0.204
1910;0.1
1911;0.052
1912;0.037
1913;0.02
1914;0.011
1915;0.008
1916;0.015
1917;0.038
1918;0.059
1919;0.085
1920;0.098
1921;0.08
1922;0.018
1923;0
1924;0.152
1925;0.279
1926;0.497
1927;1.112
1928;2.179
1929;3.224
1930;4.616
1931;5.146
1932;2.094
1933;0.465
1934;0.308
1935;0.142
1936;0.034
1937;0.007
1938;0.006
1939;0.01
1940;0.01
1941;0.009
1942;0.007
1943;0.007
1944;0.008
1945;0.006
1946;0.001
1947;0.047
1948;1.829
1949;4.252
1950;6.533
1951;8.274
1952;8.944
1953;7.728
1954;6.65
1955;5.589
1956;1.827
1957;0.232
1958;0.037
1959;0.008
1960;0.012
1961;0.021
1962;0.027
1963;0.022
1964;0.015
1965;0.011
1966;0.005
1967;0.002
1968;0.001
1969;0
1970;0
1971;0
1972;0
1973;0
1974;0.04
1975;0.323
1976;0.497
1977;0.328
1978;0.17
1979;0.132
1980;0.192
1981;0.027
1982;0
1983;0
1984;0
1985;0.013
1986;0.066
1987;0.113
1988;0.104
1989;0.055
1990;0.038
1991;0.034
1992;0.036
1993;0.033
1994;0.008
1995;0.003
1996;0.01
1997;0.006
1998;0.033
1999;0.159
2000;0.23
2001;0.317
2002;0.569
2003;1.608
2004;0.333
2005;0.063
2006;0.02
2007;0.005
2008;0.006
2009;0.013
2010;0.02
2011;0.006
2012;0.007
2013;0.009
2014;0.038
2015;0.102
2016;0.09
2017;0.012
2018;0
2019;1.193
2020;2.89
2021;0.006
2022;0
2023;0
2024;0
2025;0.001
2026;0.046
2027;0.683
2028;0.878
2029;0.055
2030;0.002
2031;0
2032;0.001
2033;0.012
2034;0.049
2035;0.062
2036;0.021
2037;0.001
2038;0.002
2039;0.004
2040;0.008
2041;0.017
2042;0.027
2043;0.226
2044;0.651
2045;1.3
2046;2.259
2047;2.126
2048;3.692
2049;5.484
2050;5.997
2051;5.063
2052;2.457
2053;0.269
2054;0.082
2055;0.021
2056;0.003
2057;0
2058;0.001
2059;0.005
2060;0.007
2061;0.012
2062;0.018
2063;0.006
2064;0
2065;0
2066;0.001
2067;0.029
2068;0.056
2069;0.038
2070;0.026
2071;0.011
2072;0.02
2073;0.036
2074;0.053
2075;0.182
2076;0.36
2077;0.03
2078;0.001
2079;0
2080;0
2081;0.001
2082;0.003
2083;0.005
2084;0.006
2085;0.007
2086;0.007
2087;0.006
2088;0.003
2089;0.001
2090;0
2091;0.04
2092;0.436
2093;0.566
2094;0.471
2095;0.455
2096;0.62
2097;0.62
2098;0.495
2099;0.509
2100;0.358
2101;0.051
2102;0.011
2103;0
2104;0
2105;0
2106;0.007
2107;0.03
2108;0.046
2109;0.042
2110;0.022
2111;0.012
2112;0.007
2113;0.004
2114;0.001
2115;0.002
2116;0
2117;0
2118;0.012
2119;0.229
2120;0.324
2121;0.173
2122;0.111
2123;0.028
2124;0.009
2125;0
2126;0
2127;0.003
2128;0.021
2129;0.033
2130;0.024
2131;0.017
2132;0.012
2133;0.008
2134;0.005
2135;0.014
2136;0.029
2137;0.04
2138;0.034
2139;0.014
2140;0.01
2141;0.001
2142;0.016
2143;0.34
2144;0.631
2145;1.257
2146;3.651
2147;3.201
2148;0.573
2149;0.057
2150;0.011
2151;0.005
2152;0.002
2153;0.006
2154;0.036
2155;0.112
2156;0.211
2157;0.309
2158;0.306
2159;0.268
2160;0.269
2161;0.241
2162;0.135
2163;0.262
2164;0.486
2165;0.29
2166;0.343
2167;0.429
2168;0.562
2169;1.258
2170;2.385
2171;2.021
2172;0.318
2173;0.003
2174;0
2175;0.001
2176;0.007
2177;0.014
2178;0.016
2179;0.032
2180;0.036
2181;0.024
2182;0.008
2183;0.001
2184;0
2185;0.001
2186;0
2187;0.008
2188;0.016
2189;0.019
2190;0.545
2191;0.952
2192;0.609
2193;0.898
2194;1.354
2195;1.006
2196;0.317
2197;0.013
2198;0
2199;0
2200;0
2201;0.001
2202;0.001
2203;0.005
2204;0.022
2205;0.033
2206;0.026
2207;0.027
2208;0.032
2209;0.025
2210;0.001
2211;0.191
2212;0.363
2213;0.569
2214;1.497
2215;2.11
2216;2.627
2217;2.262
2218;0.667
2219;0.689
2220;0.59
2221;0.075
2222;0.023
2223;0.002
2224;0
2225;0
2226;0
2227;0.001
2228;0.001
2229;0
2230;0
2231;0.001
2232;0.002
2233;0.003
2234;0.003
2235;0.074
2236;0.02
2237;0.023
2238;0.073
2239;0.109
2240;0.114
2241;0.279
2242;0.522
2243;0.662
2244;0.425
2245;0.027
2246;0.003
2247;0
2248;0
2249;0
2250;0
2251;0.002
2252;0.003
2253;0.004
2254;0.006
2255;0.009
2256;0.009
2257;0.007
2258;0.004
2259;0.081
2260;0.07
2261;0.045
2262;0.044
2263;0.04
2264;0.031
2265;0.053
2266;0.092
2267;0.129
2268;0.058
2269;0.006
2270;0.002
2271;0.002
2272;0.006
2273;0.01
2274;0.015
2275;0.021
2276;0.022
2277;0.019
2278;0.016
2279;0.011
2280;0.01
2281;0.008
2282;0.002
2283;0.006
2284;0.002
2285;0
2286;0.001
2287;0.015
2288;0.259
2289;0.901
2290;1.128
2291;1.215
2292;0.643
2293;0.206
2294;0.317
2295;0.549
2296;0.541
2297;0.389
2298;0.218
2299;0.119
2300;0.076
2301;0.069
2302;0.062
2303;0.042
2304;0.019
2305;0.005
2306;0
2307;0.001
2308;0
2309;0
2310;0
2311;0.003
2312;0.117
2313;1.44
2314;2.643
2315;2.346
2316;0.756
2317;0.053
2318;0.007
2319;0.002
2320;0.002
2321;0.001
2322;0.002
2323;0.003
2324;0.003
2325;0.003
2326;0.004
2327;0.006
2328;0.009
2329;0.008
2330;0.007
2331;0.033
2332;0.008
2333;0.103
2334;0.816
2335;0.847
2336;0.586
2337;0.277
2338;0.206
2339;0.445
2340;0.569
2341;0.071
2342;0.031
2343;0.016
2344;0.011
2345;0.006
2346;0.003
2347;0.001
2348;0
2349;0
2350;0
2351;0
2352;0
2353;0
2354;0
2355;0
2356;0
2357;0.006
2358;0.096
2359;0.211
2360;0.28
2361;0.519
2362;0.263
2363;0.052
2364;0.003
2365;0
2366;0
2367;0.002
2368;0.005
2369;0.008
2370;0.014
2371;0.019
2372;0.021
2373;0.021
2374;0.026
2375;0.025
2376;0.022
2377;0.018
2378;0.016
2379;0.167
2380;0.078
2381;0.082
2382;0.113
2383;0.073
2384;0.035
2385;0.025
2386;0.127
2387;0.159
2388;0.317
2389;0.052
2390;0.01
2391;0.001
2392;0
2393;0
2394;0
2395;0
2396;0
2397;0
2398;0
2399;0.002
2400;0.003
2401;0.001
2402;0
2403;0.056
2404;0.006
2405;0.016
2406;0.026
2407;0.033
2408;0.045
2409;0.07
2410;0.072
2411;0.108
2412;0.08
2413;0.014
2414;0.003
2415;0.001
2416;0
2417;0
2418;0
2419;0
2420;0
2421;0.001
2422;0.001
2423;0.001
2424;0.001
2425;0.001
2426;0
2427;0.009
2428;0.001
2429;0.002
2430;0.011
2431;0.012
2432;0.008
2433;0.014
2434;0.081
2435;0.275
2436;0.467
2437;0.021
2438;0.002
2439;0
2440;0
2441;0
2442;0.001
2443;0.007
2444;0.034
2445;0.078
2446;0.084
2447;0.061
2448;0.03
2449;0.019
2450;0.003
2451;0.003
2452;0.002
2453;0.004
2454;0.014
2455;0.048
2456;0.137
2457;0.317
2458;0.82
2459;0.829
2460;0.358
2461;0.002
2462;0
2463;0.002
2464;0.012
2465;0.039
2466;0.075
2467;0.119
2468;0.14
2469;0.129
2470;0.105
2471;0.062
2472;0.023
2473;0.018
2474;0.003
2475;0.015
2476;0.043
2477;0.176
2478;0.254
2479;0.457
2480;1.459
2481;3.002
2482;3.157
2483;2.06
2484;0.345
2485;0.011
2486;0.002
2487;0.001
2488;0
2489;0
2490;0.001
2491;0.003
2492;0.013
2493;0.027
2494;0.036
2495;0.028
2496;0.022
2497;0.014
2498;0.001
2499;0.003
2500;0.034
2501;0.317
2502;0.778
2503;0.718
2504;0.419
2505;0.429
2506;0.613
2507;0.752
2508;0.23
2509;0.004
2510;0
2511;0
2512;0.001
2513;0.002
2514;0.003
2515;0.003
2516;0.002
2517;0.001
2518;0
2519;0
2520;0
2521;0
2522;0
2523;0
2524;0.015
2525;0.194
2526;0.438
2527;0.398
2528;0.363
2529;0.712
2530;1.686
2531;2.325
2532;0.689
2533;0.028
2534;0.004
2535;0.003
2536;0.002
2537;0.001
2538;0.001
2539;0.002
2540;0.003
2541;0.003
2542;0.002
2543;0.002
2544;0.001
2545;0
2546;0
2547;0.042
2548;0.001
2549;0.002
2550;0.341
2551;2.88
2552;8.523
2553;12.154
2554;11.999
2555;10.58
2556;6.67
2557;1.37
2558;0.036
2559;0
2560;0
2561;0.001
2562;0.001
2563;0.002
2564;0.005
2565;0.008
2566;0.008
2567;0.004
2568;0.004
2569;0.002
2570;0.037
2571;0.514
2572;0.369
2573;0.404
2574;0.732
2575;1.253
2576;1.796
2577;2.453
2578;3.001
2579;2.98
2580;2.322
2581;0.317
2582;0.101
2583;0.046
2584;0.029
2585;0.019
2586;0.009
2587;0.007
2588;0.009
2589;0.013
2590;0.013
2591;0.016
2592;0.022
2593;0.013
2594;0.001
2595;0.04
2596;0.109
2597;0.197
2598;0.317
2599;0.46
2600;0.605
2601;0.912
2602;1.458
2603;1.801
2604;1.153
2605;0.143
2606;0.053
2607;0.027
2608;0.025
2609;0.024
2610;0.013
2611;0.008
2612;0.004
2613;0.002
2614;0
2615;0.001
2616;0.002
2617;0.002
2618;0
2619;0
2620;0
2621;0
2622;0.011
2623;0.102
2624;0.26
2625;0.479
2626;0.936
2627;1.239
2628;0.876
2629;0.06
2630;0.023
2631;0.012
2632;0.005
2633;0.001
2634;0
2635;0.001
2636;0.002
2637;0.004
2638;0.006
2639;0.007
2640;0.014
2641;0.014
2642;0.001
2643;0
2644;0.001
2645;0.012
2646;0.066
2647;0.195
2648;0.617
2649;2.027
2650;2.745
2651;2.078
2652;0.78
2653;0.041
2654;0.001
2655;0
2656;0.002
2657;0.01
2658;0.024
2659;0.043
2660;0.092
2661;0.139
2662;0.157
2663;0.138
2664;0.061
2665;0.014
2666;0.001
2667;0.004
2668;0
2669;0
2670;0.011
2671;0.032
2672;0.071
2673;0.99
2674;1.959
2675;1.267
2676;0.316
2677;0.015
2678;0.001
2679;0
2680;0
2681;0
2682;0
2683;0
2684;0
2685;0.001
2686;0.009
2687;0.019
2688;0.022
2689;0.019
2690;0.013
2691;0.039
2692;0.04
2693;0.023
2694;0.018
2695;0.014
2696;0.015
2697;0.041
2698;0.05
2699;0.14
2700;0.107
2701;0.005
2702;0
2703;0
2704;0
2705;0
2706;0
2707;0
2708;0.002
2709;0.004
2710;0.007
2711;0.006
2712;0.003
2713;0.001
2714;0
2715;0.002
2716;0.006
2717;0.003
2718;0.004
2719;0.008
2720;0.04
2721;0.485
2722;0.864
2723;1.09
2724;0.541
2725;0.014
2726;0
2727;0.001
2728;0.003
2729;0.006
2730;0.009
2731;0.008
2732;0.003
2733;0.001
2734;0
2735;0.001
2736;0.003
2737;0.002
2738;0
2739;0
2740;0
2741;0
2742;0
2743;0.002
2744;0.033
2745;0.168
2746;0.479
2747;0.774
2748;0.559
2749;0.021
2750;0
2751;0
2752;0.001
2753;0.011
2754;0.042
2755;0.073
2756;0.06
2757;0.038
2758;0.016
2759;0.009
2760;0.008
2761;0.006
2762;0.001
2763;0.001
2764;0
2765;0
2766;0.003
2767;0.009
2768;0.04
2769;0.157
2770;0.348
2771;0.68
2772;0.461
2773;0.015
2774;0.001
2775;0
2776;0
2777;0
2778;0.001
2779;0.002
2780;0.003
2781;0.003
2782;0.002
2783;0.001
2784;0.001
2785;0.009
2786;0.003
2787;0.009
2788;0.01
2789;0.014
2790;0.028
2791;0.074
2792;0.129
2793;0.106
2794;0.214
2795;0.81
2796;0.923
2797;0.075
2798;0.016
2799;0.004
2800;0.002
2801;0.005
2802;0.006
2803;0.003
2804;0.001
2805;0
2806;0
2807;0
2808;0.001
2809;0.002
2810;0.001
2811;0.063
2812;0.053
2813;0.14
2814;0.244
2815;0.238
2816;0.156
2817;0.103
2818;0.125
2819;0.373
2820;0.229
2821;0.009
2822;0
2823;0
2824;0
2825;0
2826;0.001
2827;0.003
2828;0.004
2829;0.002
2830;0
2831;0.001
2832;0.006
2833;0.012
2834;0.005
2835;0.067
2836;0.047
2837;0.226
2838;0.47
2839;0.317
2840;0.143
2841;0.074
2842;0.05
2843;0.196
2844;0.268
2845;0.004
2846;0
2847;0.001
2848;0.028
2849;0.09
2850;0.087
2851;0.053
2852;0.024
2853;0.016
2854;0.01
2855;0.025
2856;0.071
2857;0.065
2858;0.01
2859;0
2860;0
2861;0.003
2862;0.113
2863;0.387
2864;0.757
2865;0.972
2866;0.968
2867;0.85
2868;0.248
2869;0.002
2870;0
2871;0.001
2872;0.025
2873;0.061
2874;0.093
2875;0.116
2876;0.155
2877;0.192
2878;0.23
2879;0.279
2880;0.308
2881;0.157
2882;0.055
2883;0.006
2884;0.058
2885;0.194
2886;0.726
2887;1.962
2888;3.396
2889;4.35
2890;3.963
2891;2.757
2892;0.996
2893;0.021
2894;0
2895;0.002
2896;0.012
2897;0.028
2898;0.075
2899;0.148
2900;0.238
2901;0.318
2902;0.236
2903;0.18
2904;0.158
2905;0.125
2906;0.23
2907;0.142
2908;0.05
2909;0.004
2910;1.26
2911;2.994
2912;3.772
2913;4.314
2914;4.069
2915;2.32
2916;0.699
2917;0.028
2918;0.002
2919;0.004
2920;0.014
2921;0.04
2922;0.074
2923;0.064
2924;0.019
2925;0.013
2926;0.006
2927;0.007
2928;0.009
2929;0.005
2930;0.002
2931;0.001
2932;0
2933;0
2934;0
2935;0
2936;0.006
2937;0.044
2938;0.186
2939;0.688
2940;1.138
2941;0.468
2942;0.194
2943;0.038
2944;0.015
2945;0.022
2946;0.022
2947;0.008
2948;0
2949;0.001
2950;0.001
2951;0.001
2952;0.001
2953;0.001
2954;0.057
2955;0.097
2956;0.114
2957;0.24
2958;0.41
2959;0.613
2960;0.849
2961;1.084
2962;1.258
2963;1.258
2964;1.421
2965;0.849
2966;0.143
2967;0.05
2968;0.011
2969;0
2970;0
2971;0
2972;0
2973;0.002
2974;0.004
2975;0.006
2976;0.008
2977;0.004
2978;0.001
2979;0.105
2980;0.239
2981;0.518
2982;0.872
2983;1.272
2984;1.939
2985;2.967
2986;3.801
2987;3.927
2988;2.888
2989;0.43
2990;0.046
2991;0.003
2992;0.002
2993;0.003
2994;0.007
2995;0.016
2996;0.025
2997;0.029
2998;0.02
2999;0.028
3000;0.046
3001;0.032
3002;0.005
3003;0
3004;0.009
3005;0.077
3006;0.242
3007;0.426
3008;0.52
3009;0.684
3010;2.134
3011;4.196
3012;3.21
3013;0.315
3014;0.029
3015;0.016
3016;0.019
3017;0.027
3018;0.038
3019;0.043
3020;0.044
3021;0.039
3022;0.031
3023;0.036
3024;0.058
3025;0.047
3026;0.003
3027;0
3028;0.008
3029;0.019
3030;0.025
3031;0.027
3032;0.026
3033;0.045
3034;0.055
3035;0.067
3036;0.079
3037;0.001
3038;0
3039;0.003
3040;0.026
3041;0.038
3042;0.031
3043;0.028
3044;0.034
3045;0.052
3046;0.08
3047;0.123
3048;0.157
3049;0.107
3050;0.021
3051;0.004
3052;0.148
3053;0.492
3054;1.604
3055;3.489
3056;5.601
3057;7.816
3058;9.03
3059;8.939
3060;4.65
3061;0.723
3062;0.16
3063;0.013
3064;0.008
3065;0.014
3066;0.022
3067;0.032
3068;0.04
3069;0.042
3070;0.026
3071;0.017
3072;0.013
3073;0.008
3074;0.001
3075;0.001
3076;0.024
3077;0.142
3078;0.35
3079;0.541
3080;0.65
3081;0.768
3082;0.958
3083;1.293
3084;0.821
3085;0.053
3086;0.001
3087;0
3088;0.001
3089;0.015
3090;0.058
3091;0.114
3092;0.135
3093;0.137
3094;0.109
3095;0.081
3096;0.059
3097;0.023
3098;0.002
3099;0.003
3100;0.04
3101;0.23
3102;0.434
3103;0.568
3104;0.826
3105;1.257
3106;1.698
3107;1.585
3108;0.373
3109;0.004
3110;0
3111;0
3112;0.001
3113;0.006
3114;0.018
3115;0.042
3116;0.065
3117;0.088
3118;0.109
3119;0.117
3120;0.111
3121;0.058
3122;0.011
3123;0
3124;0.062
3125;0.76
3126;1.784
3127;2.883
3128;4.331
3129;6.649
3130;8.15
3131;10.392
3132;11.444
3133;4.736
3134;0.52
3135;0.013
3136;0.004
3137;0.006
3138;0.008
3139;0.02
3140;0.044
3141;0.076
3142;0.205
3143;0.352
3144;0.358
3145;0.105
3146;0.007
3147;0.006
3148;0.046
3149;0.318
3150;1.332
3151;3.398
3152;5.55
3153;6.644
3154;6.116
3155;4.528
3156;2.462
3157;0.348
3158;0.082
3159;0.055
3160;0.027
3161;0.019
3162;0.021
3163;0.02
3164;0.015
3165;0.013
3166;0.004
3167;0.001
3168;0.001
3169;0
3170;0
3171;0
3172;0.002
3173;0.003
3174;0.016
3175;0.088
3176;0.23
3177;0.518
3178;1.326
3179;1.851
3180;1.496
3181;0.109
3182;0.008
3183;0.001
3184;0
3185;0
3186;0
3187;0
3188;0.002
3189;0.008
3190;0.005
3191;0.005
3192;0.014
3193;0.015
3194;0
3195;0
3196;0
3197;0
3198;0
3199;0.03
3200;0.163
3201;0.678
3202;1.544
3203;2.069
3204;0.926
3205;0.042
3206;0.001
3207;0.003
3208;0.018
3209;0.038
3210;0.049
3211;0.061
3212;0.071
3213;0.075
3214;0.053
3215;0.042
3216;0.038
3217;0.013
3218;0
3219;0.002
3220;0.001
3221;0.004
3222;0.026
3223;0.109
3224;0.165
3225;0.274
3226;0.596
3227;0.77
3228;0.39
3229;0.052
3230;0.001
3231;0
3232;0
3233;0
3234;0
3235;0
3236;0
3237;0
3238;0
3239;0
3240;0.001
3241;0.002
3242;0
3243;0
3244;0.004
3245;0.115
3246;0.317
3247;0.355
3248;0.39
3249;0.509
3250;0.777
3251;0.692
3252;0.245
3253;0.003
3254;0
3255;0.005
3256;0.016
3257;0.042
3258;0.071
3259;0.075
3260;0.063
3261;0.045
3262;0.017
3263;0.005
3264;0.002
3265;0.001
3266;0.006
3267;0.542
3268;0.929
3269;1.397
3270;1.887
3271;2.281
3272;2.776
3273;3.567
3274;4.833
3275;5.268
3276;5.01
3277;1.113
3278;0.351
3279;0.157
3280;0.074
3281;0.048
3282;0.029
3283;0.021
3284;0.021
3285;0.025
3286;0.028
3287;0.022
3288;0.016
3289;0.007
3290;0.049
3291;1.099
3292;3.34
3293;5.527
3294;7.466
3295;9.422
3296;11.8
3297;12.992
3298;12.502
3299;10.645
3300;7.201
3301;1.606
3302;0.226
3303;0.068
3304;0.019
3305;0.004
3306;0.001
3307;0
3308;0.002
3309;0.004
3310;0.006
3311;0.007
3312;0.008
3313;0.006
3314;0.001
3315;0.001
3316;0
3317;0.001
3318;0.003
3319;0.018
3320;0.076
3321;0.194
3322;0.318
3323;0.405
3324;0.579
3325;0.112
3326;0.004
3327;0
3328;0
3329;0
3330;0.002
3331;0.007
3332;0.013
3333;0.021
3334;0.028
3335;0.027
3336;0.027
3337;0.011
3338;0
3339;0
3340;0
3341;0.004
3342;0.01
3343;0.021
3344;0.109
3345;0.205
3346;0.476
3347;1.269
3348;1.19
3349;0.157
3350;0.025
3351;0.007
3352;0.001
3353;0
3354;0
3355;0
3356;0
3357;0
3358;0
3359;0.002
3360;0.008
3361;0.008
3362;0
3363;0
3364;0.001
3365;0.016
3366;0.073
3367;0.181
3368;0.24
3369;0.343
3370;0.848
3371;1.484
3372;1.203
3373;0.113
3374;0.002
3375;0
3376;0.001
3377;0.009
3378;0.025
3379;0.038
3380;0.044
3381;0.053
3382;0.037
3383;0.033
3384;0.03
3385;0.018
3386;0.002
3387;0.002
3388;0
3389;0
3390;0.002
3391;0.029
3392;0.138
3393;0.186
3394;0.317
3395;0.53
3396;0.568
3397;0.016
3398;0
3399;0
3400;0.016
3401;0.069
3402;0.098
3403;0.103
3404;0.082
3405;0.051
3406;0.015
3407;0.011
3408;0.019
3409;0.006
3410;0.009
3411;0.019
3412;0.001
3413;0.003
3414;0.046
3415;0.053
3416;0.095
3417;0.18
3418;0.443
3419;0.703
3420;0.413
3421;0.092
3422;0.01
3423;0.002
3424;0.001
3425;0
3426;0
3427;0
3428;0
3429;0.001
3430;0.001
3431;0.001
3432;0.004
3433;0.007
3434;0.002
3435;0
3436;0.003
3437;0.351
3438;0.689
3439;0.374
3440;0.323
3441;0.454
3442;1.476
3443;2.89
3444;2.219
3445;0.188
3446;0.006
3447;0.002
3448;0.002
3449;0.005
3450;0.012
3451;0.015
3452;0.012
3453;0.01
3454;0.006
3455;0.001
3456;0
3457;0
3458;0.001
3459;0.004
3460;0.009
3461;0.042
3462;0.139
3463;0.283
3464;0.677
3465;1.837
3466;2.953
3467;2.559
3468;1.196
3469;0.068
3470;0.001
3471;0
3472;0
3473;0.001
3474;0.004
3475;0.009
3476;0.016
3477;0.021
3478;0.022
3479;0.022
3480;0.021
3481;0.011
3482;0.003
3483;0.038
3484;0.084
3485;0.124
3486;0.127
3487;0.207
3488;0.329
3489;0.405
3490;0.463
3491;0.666
3492;0.617
3493;0.11
3494;0.005
3495;0
3496;0
3497;0
3498;0.003
3499;0.01
3500;0.02
3501;0.024
3502;0.021
3503;0.016
3504;0.011
3505;0.003
3506;0
3507;0.02
3508;0.032
3509;0.074
3510;0.056
3511;0.045
3512;0.067
3513;0.099
3514;0.308
3515;0.716
3516;0.606
3517;0.051
3518;0.001
3519;0.001
3520;0.007
3521;0.021
3522;0.026
3523;0.028
3524;0.03
3525;0.034
3526;0.025
3527;0.024
3528;0.024
3529;0.019
3530;0.01
3531;0.099
3532;0.021
3533;0.047
3534;0.209
3535;0.461
3536;0.467
3537;0.772
3538;1.455
3539;2.231
3540;2.013
3541;0.237
3542;0.008
3543;0.001
3544;0
3545;0.002
3546;0.019
3547;0.056
3548;0.113
3549;0.195
3550;0.246
3551;0.242
3552;0.213
3553;0.079
3554;0.025
3555;0.236
3556;0.077
3557;0.027
3558;0.051
3559;0.094
3560;0.111
3561;0.096
3562;0.217
3563;0.614
3564;0.559
3565;0.044
3566;0
3567;0
3568;0
3569;0
3570;0
3571;0
3572;0.001
3573;0.001
3574;0.001
3575;0.003
3576;0.01
3577;0.006
3578;0.003
3579;0.001
3580;0
3581;0
3582;0.009
3583;0.196
3584;0.525
3585;1.247
3586;1.533
3587;1.119
3588;0.398
3589;0.016
3590;0.001
3591;0
3592;0
3593;0
3594;0
3595;0
3596;0
3597;0.001
3598;0.003
3599;0.007
3600;0.007
3601;0.003
3602;0.002
3603;0.004
3604;0.006
3605;0.047
3606;0.167
3607;0.292
3608;0.244
3609;0.244
3610;0.447
3611;0.425
3612;0.238
3613;0.016
3614;0.002
3615;0.001
3616;0.001
3617;0.001
3618;0.002
3619;0.004
3620;0.003
3621;0.001
3622;0.001
3623;0
3624;0
3625;0.001
3626;0.094
3627;0.097
3628;0.13
3629;0.203
3630;0.197
3631;0.142
3632;0.134
3633;0.753
3634;3.397
3635;3.092
3636;1.3
3637;0.22
3638;0.057
3639;0.054
3640;0.028
3641;0.009
3642;0.005
3643;0.006
3644;0.008
3645;0.009
3646;0.007
3647;0.005
3648;0.003
3649;0.001
3650;0.002
3651;0.041
3652;0.113
3653;0.756
3654;2.036
3655;4.33
3656;8.369
3657;12.105
3658;14.235
3659;11.448
3660;7.478
3661;2.957
3662;0.668
3663;0.406
3664;0.29
3665;0.212
3666;0.117
3667;0.058
3668;0.023
3669;0.014
3670;0.004
3671;0.003
3672;0.007
3673;0.013
3674;0.008
3675;0.004
3676;0.042
3677;0.081
3678;0.049
3679;0.077
3680;0.087
3681;0.059
3682;0.047
3683;0.063
3684;0.094
3685;0.021
3686;0.01
3687;0.003
3688;0.001
3689;0.001
3690;0.002
3691;0.002
3692;0.002
3693;0.001
3694;0.001
3695;0.001
3696;0.001
3697;0.002
3698;0.019
3699;0
3700;0
3701;0.002
3702;0.013
3703;0.058
3704;0.188
3705;0.324
3706;0.857
3707;1.502
3708;1.566
3709;0.892
3710;0.163
3711;0.091
3712;0.059
3713;0.041
3714;0.021
3715;0.014
3716;0.013
3717;0.024
3718;0.019
3719;0.014
3720;0.01
3721;0.002
3722;0
3723;0
3724;0.002
3725;0.005
3726;0.004
3727;0.01
3728;0.016
3729;0.025
3730;0.025
3731;0.054
3732;0.126
3733;0.09
3734;0.013
3735;0.007
3736;0.008
3737;0.011
3738;0.011
3739;0.008
3740;0.005
3741;0.005
3742;0.002
3743;0
3744;0
3745;0.001
3746;0.007
3747;0.014
3748;0.008
3749;0.004
3750;0.007
3751;0.029
3752;0.075
3753;0.084
3754;0.041
3755;0.014
3756;0.087
3757;0.071
3758;0.006
3759;0.002
3760;0.001
3761;0.001
3762;0.001
3763;0
3764;0
3765;0
3766;0
3767;0
3768;0
3769;0
3770;0.006
3771;0
3772;0
3773;0
3774;0
3775;0.002
3776;0.008
3777;0.045
3778;0.05
3779;0.04
3780;0.015
3781;0.021
3782;0.001
3783;0
3784;0
3785;0.001
3786;0.004
3787;0.004
3788;0.003
3789;0.002
3790;0.001
3791;0.001
3792;0
3793;0
3794;0.001
3795;0
3796;0
3797;0
3798;0
3799;0.001
3800;0.009
3801;0.078
3802;0.072
3803;0.033
3804;0.022
3805;0.04
3806;0.003
3807;0.001
3808;0
3809;0
3810;0
3811;0
3812;0
3813;0
3814;0
3815;0
3816;0
3817;0
3818;0
3819;0
3820;0
3821;0
3822;0
3823;0.001
3824;0.005
3825;0.013
3826;0.05
3827;0.125
3828;0.109
3829;0.087
3830;0.004
3831;0
3832;0.001
3833;0.008
3834;0.016
3835;0.02
3836;0.02
3837;0.016
3838;0.009
3839;0.003
3840;0.001
3841;0.004
3842;0.107
3843;0.082
3844;0.145
3845;0.305
3846;0.265
3847;0.317
3848;0.749
3849;1.498
3850;1.592
3851;1.523
3852;0.931
3853;0.153
3854;0.002
3855;0.008
3856;0.021
3857;0.034
3858;0.037
3859;0.025
3860;0.015
3861;0.009
3862;0.003
3863;0.001
3864;0
3865;0.003
3866;0.013
3867;0.015
3868;0.006
3869;0.069
3870;0.104
3871;0.092
3872;0.098
3873;0.165
3874;0.613
3875;1.024
3876;1.012
3877;0.23
3878;0.017
3879;0.015
3880;0.019
3881;0.024
3882;0.023
3883;0.012
3884;0.006
3885;0.005
3886;0.009
3887;0.01
3888;0.006
3889;0.015
3890;0.123
3891;0.286
3892;0.316
3893;0.709
3894;0.884
3895;1.696
3896;2.406
3897;3.054
3898;3.428
3899;2.949
3900;1.603
3901;0.383
3902;0.079
3903;0.038
3904;0.014
3905;0.004
3906;0.001
3907;0
3908;0
3909;0.001
3910;0.001
3911;0.003
3912;0.006
3913;0.003
3914;0.005
3915;0.001
3916;0.001
3917;0.003
3918;0.003
3919;0.006
3920;0.025
3921;0.07
3922;0.081
3923;0.174
3924;0.479
3925;0.256
3926;0.019
3927;0.005
3928;0.002
3929;0.001
3930;0.001
3931;0.001
3932;0.001
3933;0.001
3934;0.002
3935;0.004
3936;0.003
3937;0.001
3938;0.004
3939;0.326
3940;0.826
3941;0.97
3942;0.798
3943;0.526
3944;0.383
3945;0.243
3946;0.202
3947;0.237
3948;0.468
3949;0.19
3950;0.008
3951;0.001
3952;0
3953;0
3954;0
3955;0
3956;0
3957;0.001
3958;0.007
3959;0.026
3960;0.058
3961;0.047
3962;0.001
3963;0.007
3964;0.063
3965;0.466
3966;0.755
3967;0.846
3968;0.989
3969;1.239
3970;1.537
3971;1.902
3972;1.301
3973;0.091
3974;0.001
3975;0.001
3976;0.026
3977;0.067
3978;0.08
3979;0.104
3980;0.126
3981;0.133
3982;0.113
3983;0.11
3984;0.106
3985;0.043
3986;0.026
3987;0.078
3988;0.015
3989;0.007
3990;0.027
3991;0.186
3992;0.333
3993;0.556
3994;0.819
3995;0.953
3996;0.706
3997;0.054
3998;0.001
3999;0
4000;0
4001;0
4002;0
4003;0.001
4004;0.002
4005;0.004
4006;0.003
4007;0.003
4008;0.004
4009;0.002
4010;0
4011;0
4012;0
4013;0
4014;0.053
4015;0.419
4016;0.81
4017;1.576
4018;2.288
4019;2.835
4020;2.252
4021;0.557
4022;0.044
4023;0.01
4024;0.005
4025;0.004
4026;0.004
4027;0.003
4028;0.002
4029;0.003
4030;0.003
4031;0.004
4032;0.008
4033;0.004
4034;0.001
4035;0
4036;0.001
4037;0.019
4038;0.117
4039;0.215
4040;0.297
4041;0.427
4042;0.514
4043;0.463
4044;0.485
4045;0.158
4046;0.008
4047;0.004
4048;0.002
4049;0.001
4050;0.002
4051;0.005
4052;0.008
4053;0.011
4054;0.016
4055;0.025
4056;0.027
4057;0.008
4058;0
4059;0
4060;0
4061;0.015
4062;0.213
4063;0.187
4064;0.259
4065;0.448
4066;0.531
4067;0.558
4068;0.455
4069;0.109
4070;0.007
4071;0.002
4072;0.001
4073;0.001
4074;0.002
4075;0.005
4076;0.008
4077;0.006
4078;0.004
4079;0.001
4080;0.001
4081;0
4082;0
4083;0
4084;0
4085;0.001
4086;0.022
4087;0.118
4088;0.232
4089;0.255
4090;0.178
4091;0.114
4092;0.471
4093;0.308
4094;0.025
4095;0.006
4096;0.001
4097;0
4098;0
4099;0
4100;0
4101;0.001
4102;0.001
4103;0.001
4104;0.001
4105;0
4106;0
4107;0
4108;0
4109;0
4110;0
4111;0
4112;0.006
4113;0.077
4114;0.081
4115;0.117
4116;0.552
4117;0.313
4118;0.077
4119;0.031
4120;0.008
4121;0.002
4122;0
4123;0
4124;0
4125;0
4126;0
4127;0
4128;0
4129;0.002
4130;0.024
4131;0.009
4132;0.02
4133;0.034
4134;0.045
4135;0.055
4136;0.082
4137;0.053
4138;0.013
4139;0.003
4140;0.001
4141;0
4142;0
4143;0.001
4144;0.003
4145;0.007
4146;0.007
4147;0.003
4148;0.001
4149;0
4150;0
4151;0.001
4152;0.002
4153;0.004
4154;0.011
4155;0.027
4156;0.174
4157;0.838
4158;1.418
4159;1.759
4160;1.758
4161;1.658
4162;1.305
4163;0.849
4164;0.449
4165;0.117
4166;0.002
4167;0
4168;0
4169;0
4170;0.001
4171;0.001
4172;0.002
4173;0.003
4174;0.004
4175;0.003
4176;0.002
4177;0.002
4178;0
4179;0
4180;0
4181;0
4182;0.003
4183;0.006
4184;0.006
4185;0.018
4186;0.061
4187;0.059
4188;0.206
4189;0.324
4190;0.032
4191;0.015
4192;0.009
4193;0.009
4194;0.014
4195;0.019
4196;0.022
4197;0.028
4198;0.025
4199;0.019
4200;0.011
4201;0.079
4202;0.685
4203;0.336
4204;0.064
4205;0.052
4206;0.156
4207;0.352
4208;0.605
4209;0.995
4210;1.343
4211;1.521
4212;1.144
4213;0.568
4214;0.06
4215;0.041
4216;0.021
4217;0.017
4218;0.018
4219;0.018
4220;0.018
4221;0.023
4222;0.044
4223;0.071
4224;0.041
4225;0.139
4226;0.641
4227;0.858
4228;0.558
4229;0.631
4230;0.831
4231;1.011
4232;1.194
4233;1.56
4234;1.605
4235;1.554
4236;1.579
4237;0.86
4238;0.101
4239;0.048
4240;0.014
4241;0.009
4242;0.008
4243;0.009
4244;0.01
4245;0.007
4246;0.001
4247;0
4248;0
4249;0
4250;0.001
4251;0.007
4252;0.011
4253;0.068
4254;0.211
4255;0.365
4256;0.479
4257;0.934
4258;1.619
4259;1.81
4260;1.71
4261;1.033
4262;0.17
4263;0.073
4264;0.068
4265;0.035
4266;0.01
4267;0.001
4268;0
4269;0
4270;0
4271;0
4272;0
4273;0
4274;0.008
4275;0.165
4276;0.504
4277;0.92
4278;0.78
4279;0.444
4280;0.307
4281;0.261
4282;0.323
4283;0.28
4284;0.331
4285;0.159
4286;0.002
4287;0
4288;0.001
4289;0.003
4290;0.005
4291;0.004
4292;0.004
4293;0.003
4294;0.005
4295;0.008
4296;0.008
4297;0.007
4298;0.003
4299;0
4300;0
4301;0
4302;0
4303;0.001
4304;0.006
4305;0.061
4306;0.056
4307;0.274
4308;0.355
4309;0.414
4310;0.067
4311;0.014
4312;0.004
4313;0.002
4314;0.001
4315;0.002
4316;0.002
4317;0.003
4318;0.001
4319;0.001
4320;0.001
4321;0.025
4322;0.397
4323;0.401
4324;0.117
4325;0.01
4326;0.005
4327;0.005
4328;0.018
4329;0.096
4330;0.106
4331;0.073
4332;0.386
4333;0.435
4334;0.049
4335;0.023
4336;0.009
4337;0.002
4338;0
4339;0
4340;0
4341;0
4342;0
4343;0
4344;0.001
4345;0.001
4346;0
4347;0
4348;0
4349;0
4350;0
4351;0
4352;0.001
4353;0.005
4354;0.021
4355;0.016
4356;0.057
4357;0.105
4358;0.007
4359;0.002
4360;0.001
4361;0
4362;0
4363;0
4364;0
4365;0.001
4366;0
4367;0
4368;0
4369;0.005
4370;0.104
4371;0.054
4372;0.036
4373;0.033
4374;0.027
4375;0.048
4376;0.087
4377;0.123
4378;0.15
4379;0.267
4380;0.474
4381;0.179
4382;0.027
4383;0.015
4384;0.011
4385;0.006
4386;0.002
4387;0
4388;0
4389;0
4390;0
4391;0
4392;0
4393;0
4394;0.133
4395;0.002
4396;0.01
4397;0.084
4398;0.338
4399;0.629
4400;1.272
4401;2.89
4402;4.611
4403;5.089
4404;4.923
4405;2.967
4406;1.16
4407;0.779
4408;0.436
4409;0.16
4410;0.05
4411;0.014
4412;0.004
4413;0.001
4414;0.001
4415;0
4416;0
4417;0.002
4418;0.019
4419;0.094
4420;0.14
4421;0.332
4422;0.65
4423;1.879
4424;4.756
4425;7.314
4426;8.562
4427;7.889
4428;4.792
4429;1.76
4430;0.29
4431;0.093
4432;0.033
4433;0.002
4434;0.001
4435;0.001
4436;0
4437;0
4438;0
4439;0
4440;0
4441;0
4442;0.029
4443;0.258
4444;0.891
4445;0.928
4446;1.057
4447;1.535
4448;2.542
4449;3.463
4450;3.398
4451;2.704
4452;1.929
4453;0.539
4454;0.157
4455;0.144
4456;0.155
4457;0.173
4458;0.149
4459;0.101
4460;0.071
4461;0.09
4462;0.18
4463;0.299
4464;0.371
4465;0.944
4466;2.3
4467;1.654
4468;0.605
4469;0.44
4470;0.516
4471;0.944
4472;1.927
4473;3.707
4474;4.16
4475;3.442
4476;2.621
4477;1.516
4478;0.62
4479;0.405
4480;0.231
4481;0.081
4482;0.016
4483;0.004
4484;0.001
4485;0
4486;0
4487;0
4488;0
4489;0.002
4490;0.037
4491;0.062
4492;0.071
4493;0.23
4494;0.567
4495;1.246
4496;3.235
4497;4.769
4498;4.657
4499;4.168
4500;3.189
4501;2.046
4502;0.605
4503;0.449
4504;0.153
4505;0.045
4506;0.008
4507;0
4508;0
4509;0
4510;0
4511;0
4512;0
4513;0.001
4514;0.007
4515;0.032
4516;0.093
4517;0.217
4518;0.338
4519;0.432
4520;0.476
4521;0.994
4522;2.703
4523;2.703
4524;1.788
4525;0.612
4526;0.154
4527;0.088
4528;0.071
4529;0.05
4530;0.015
4531;0.005
4532;0
4533;0
4534;0
4535;0.004
4536;0.008
4537;0.016
4538;0.495
4539;3.349
4540;5.706
4541;6.036
4542;6.052
4543;5.394
4544;3.858
4545;2.182
4546;1.066
4547;0.429
4548;0.099
4549;0.004
4550;0
4551;0
4552;0
4553;0
4554;0
4555;0
4556;0
4557;0
4558;0
4559;0
4560;0
4561;0.001
4562;0.013
4563;0.016
4564;0.023
4565;0.061
4566;0.224
4567;1.081
4568;5.299
4569;8.75
4570;8.52
4571;6.834
4572;5.285
4573;4.203
4574;3.95
4575;5.25
4576;4.272
4577;2.273
4578;1.303
4579;1.108
4580;0.807
4581;0.541
4582;0.734
4583;0.727
4584;0.718
4585;1.004
4586;1.869
4587;1.826
4588;0.703
4589;0.175
4590;0.04
4591;0.07
4592;0.076
4593;0.07
4594;0.076
4595;0.137
4596;0.249
4597;0.076
4598;0.015
4599;0.006
4600;0.001
4601;0
4602;0
4603;0
4604;0
4605;0
4606;0
4607;0
4608;0
4609;0
4610;0.009
4611;0.177
4612;0.317
4613;0.397
4614;0.23
4615;0.296
4616;0.704
4617;1.444
4618;2.567
4619;3.396
4620;3.031
4621;1.597
4622;0.644
4623;0.112
4624;0.008
4625;0.001
4626;0.002
4627;0.009
4628;0.037
4629;0.076
4630;0.074
4631;0.068
4632;0.097
4633;0.178
4634;0.241
4635;0.185
4636;0.275
4637;0.426
4638;0.754
4639;1.058
4640;1.194
4641;1.272
4642;1.398
4643;1.058
4644;0.57
4645;0.395
4646;1.526
4647;5.71
4648;11.37
4649;12.037
4650;8.848
4651;5.741
4652;4.431
4653;3.113
4654;1.268
4655;0.496
4656;0.196
4657;0.33
4658;0.903
4659;1.428
4660;2.622
4661;4.842
4662;7.729
4663;9.824
4664;11.555
4665;13.186
4666;15.175
4667;17.299
4668;16.576
4669;13.945
4670;12.831
4671;11.764
4672;7.385
4673;3.398
4674;1.2
4675;0.323
4676;0.111
4677;0.042
4678;0.026
4679;0.02
4680;0.016
4681;0.063
4682;0.446
4683;1.291
4684;2.518
4685;3.055
4686;2.327
4687;1.8
4688;1.497
4689;1.255
4690;1.631
4691;1.642
4692;1.424
4693;0.626
4694;0.144
4695;0.201
4696;0.099
4697;0.069
4698;0.047
4699;0.041
4700;0.061
4701;0.074
4702;0.044
4703;0.007
4704;0
4705;0
4706;0
4707;0
4708;0
4709;0
4710;0
4711;0.005
4712;0.028
4713;0.055
4714;0.053
4715;0.064
4716;0.09
4717;0.029
4718;0.002
4719;0
4720;0
4721;0
4722;0
4723;0
4724;0
4725;0
4726;0
4727;0
4728;0
4729;0
4730;0
4731;0
4732;0
4733;0
4734;0.001
4735;0.008
4736;0.019
4737;0.067
4738;0.203
4739;0.521
4740;0.68
4741;0.393
4742;0.053
4743;0.049
4744;0.032
4745;0.019
4746;0.011
4747;0.006
4748;0
4749;0
4750;0
4751;0
4752;0
4753;0
4754;0
4755;0
4756;0
4757;0
4758;0
4759;0
4760;0
4761;0.003
4762;0.022
4763;0.025
4764;0.039
4765;0.151
4766;0.015
4767;0.007
4768;0.003
4769;0.001
4770;0.001
4771;0.001
4772;0.001
4773;0
4774;0
4775;0
4776;0
4777;0
4778;0
4779;0
4780;0.006
4781;0.017
4782;0.023
4783;0.026
4784;0.025
4785;0.021
4786;0.01
4787;0.007
4788;0.024
4789;0.007
4790;0.001
4791;0
4792;0
4793;0
4794;0
4795;0
4796;0
4797;0
4798;0
4799;0
4800;0
4801;0
4802;0
4803;0
4804;0
4805;0
4806;0.001
4807;0.002
4808;0.002
4809;0.002
4810;0.002
4811;0.004
4812;0.019
4813;0.012
4814;0.002
4815;0.002
4816;0.001
4817;0
4818;0
4819;0
4820;0.001
4821;0.001
4822;0.002
4823;0.003
4824;0.001
4825;0.002
4826;0.001
4827;0.003
4828;0.003
4829;0.008
4830;0.023
4831;0.057
4832;0.099
4833;0.149
4834;0.423
4835;0.915
4836;0.65
4837;0.198
4838;0.066
4839;0.098
4840;0.026
4841;0.002
4842;0
4843;0
4844;0
4845;0
4846;0
4847;0
4848;0.001
4849;0.003
4850;0.07
4851;0.735
4852;0.314
4853;0.159
4854;0.128
4855;0.11
4856;0.114
4857;0.287
4858;0.652
4859;0.954
4860;0.642
4861;0.243
4862;0.019
4863;0.003
4864;0
4865;0
4866;0
4867;0
4868;0
4869;0
4870;0
4871;0
4872;0
4873;0
4874;0.002
4875;0.01
4876;0.069
4877;0.275
4878;0.287
4879;0.373
4880;0.491
4881;0.947
4882;1.028
4883;0.722
4884;0.349
4885;0.054
4886;0.007
4887;0.003
4888;0.002
4889;0.003
4890;0.002
4891;0.002
4892;0.001
4893;0.001
4894;0
4895;0
4896;0
4897;0.001
4898;0.027
4899;0.193
4900;1.112
4901;3.58
4902;6.784
4903;8.859
4904;9.296
4905;8.943
4906;8.035
4907;5.429
4908;2.428
4909;0.621
4910;0.217
4911;0.109
4912;0.089
4913;0.097
4914;0.109
4915;0.128
4916;0.122
4917;0.058
4918;0.027
4919;0.018
4920;0.013
4921;0.026
4922;0.12
4923;0.127
4924;0.044
4925;0.045
4926;0.031
4927;0.014
4928;0.015
4929;0.029
4930;0.058
4931;0.054
4932;0.042
4933;0.018
4934;0.003
4935;0.002
4936;0.002
4937;0.001
4938;0.001
4939;0.001
4940;0.001
4941;0
4942;0
4943;0
4944;0
4945;0
4946;0.006
4947;0.019
4948;0.066
4949;0.166
4950;1.037
4951;4.174
4952;6.391
4953;5.954
4954;4.92
4955;2.984
4956;0.663
4957;0.023
4958;0.034
4959;0.238
4960;0.573
4961;0.892
4962;0.266
4963;0.003
4964;0
4965;0.001
4966;0.001
4967;0
4968;0
4969;0
4970;0.022
4971;0.09
4972;0.078
4973;0.114
4974;0.191
4975;0.309
4976;0.676
4977;2.846
4978;4.764
4979;4.11
4980;2.916
4981;1.081
4982;0.535
4983;0.191
4984;0.015
4985;0.003
4986;0.002
4987;0.001
4988;0.001
4989;0
4990;0
4991;0
4992;0
4993;0
4994;0.001
4995;0.042
4996;0.109
4997;0.121
4998;0.125
4999;0.141
5000;0.179
5001;0.23
5002;0.406
5003;0.978
5004;1.156
5005;0.255
5006;0.029
5007;0.014
5008;0.006
5009;0.001
5010;0.001
5011;0
5012;0
5013;0
5014;0.001
5015;0.001
5016;0.001
5017;0.001
5018;0.014
5019;0.01
5020;0.031
5021;0.113
5022;0.23
5023;0.37
5024;0.848
5025;2.704
5026;3.775
5027;3.168
5028;1.565
5029;0.256
5030;0.019
5031;0.005
5032;0.001
5033;0.002
5034;0.008
5035;0.011
5036;0.003
5037;0.001
5038;0.001
5039;0
5040;0
5041;0
5042;0.006
5043;0.028
5044;0.072
5045;0.133
5046;0.227
5047;0.324
5048;0.424
5049;0.651
5050;1.816
5051;2.434
5052;1.938
5053;0.537
5054;0.091
5055;0.101
5056;0.112
5057;0.099
5058;0.064
5059;0.043
5060;0.058
5061;0.07
5062;0.064
5063;0.048
5064;0.029
5065;0.048
5066;0.053
5067;0.05
5068;0.042
5069;0.081
5070;0.157
5071;0.471
5072;0.955
5073;1.668
5074;1.833
5075;1.289
5076;0.644
5077;0.12
5078;0.038
5079;0.026
5080;0.013
5081;0.004
5082;0.002
5083;0
5084;0
5085;0
5086;0
5087;0.001
5088;0.001
5089;0
5090;0.001
5091;0.023
5092;0.053
5093;0.055
5094;0.047
5095;0.066
5096;0.1
5097;0.124
5098;0.11
5099;0.134
5100;0.397
5101;0.161
5102;0.02
5103;0.017
5104;0.016
5105;0.005
5106;0
5107;0
5108;0.001
5109;0.001
5110;0.001
5111;0.001
5112;0.001
5113;0
5114;0
5115;0.004
5116;0.022
5117;0.071
5118;0.138
5119;0.194
5120;0.215
5121;0.212
5122;0.361
5123;0.644
5124;0.699
5125;0.174
5126;0.013
5127;0.007
5128;0.003
5129;0.002
5130;0.003
5131;0.002
5132;0.001
5133;0.001
5134;0
5135;0
5136;0
5137;0
5138;0
5139;0
5140;0.001
5141;0.008
5142;0.059
5143;0.094
5144;0.117
5145;0.212
5146;0.31
5147;0.575
5148;0.592
5149;0.139
5150;0.05
5151;0.046
5152;0.047
5153;0.013
5154;0.004
5155;0.004
5156;0.006
5157;0.008
5158;0.006
5159;0.002
5160;0.001
5161;0
5162;0.002
5163;0.013
5164;0.001
5165;0.003
5166;0.008
5167;0.014
5168;0.014
5169;0.013
5170;0.027
5171;0.128
5172;0.531
5173;0.246
5174;0.07
5175;0.083
5176;0.072
5177;0.034
5178;0.027
5179;0.02
5180;0.001
5181;0
5182;0
5183;0
5184;0
5185;0
5186;0
5187;0.071
5188;0.237
5189;0.157
5190;0.193
5191;0.321
5192;0.465
5193;0.483
5194;0.397
5195;0.245
5196;0.118
5197;0.035
5198;0.001
5199;0
5200;0
5201;0
5202;0
5203;0
5204;0
5205;0
5206;0
5207;0
5208;0.001
5209;0.001
5210;0.001
5211;0.003
5212;0.042
5213;0.034
5214;0.014
5215;0.021
5216;0.034
5217;0.03
5218;0.015
5219;0.015
5220;0.053
5221;0.012
5222;0
5223;0
5224;0
5225;0
5226;0
5227;0
5228;0
5229;0.004
5230;0.009
5231;0
5232;0.002
5233;0.001
5234;0.003
5235;0.01
5236;0
5237;0.003
5238;0.007
5239;0.015
5240;0.017
5241;0.09
5242;0.259
5243;0.32
5244;0.112
5245;0.01
5246;0.001
5247;0
5248;0
5249;0.001
5250;0.001
5251;0.001
5252;0.002
5253;0.002
5254;0.002
5255;0.001
5256;0.001
5257;0.002
5258;0.041
5259;0.723
5260;1.28
5261;2.253
5262;3.86
5263;5.757
5264;7.18
5265;8.128
5266;9.112
5267;9.011
5268;6.562
5269;1.923
5270;0.788
5271;0.529
5272;0.333
5273;0.181
5274;0.076
5275;0.019
5276;0.008
5277;0.002
5278;0
5279;0.001
5280;0.001
5281;0.003
5282;0.063
5283;0.23
5284;0.519
5285;0.754
5286;0.89
5287;0.984
5288;2.462
5289;4.181
5290;4.708
5291;3.355
5292;1.412
5293;0.192
5294;0.014
5295;0.002
5296;0
5297;0
5298;0
5299;0
5300;0
5301;0
5302;0
5303;0
5304;0
5305;0
5306;0.003
5307;0.008
5308;0.032
5309;0.053
5310;0.075
5311;0.104
5312;0.233
5313;0.585
5314;0.807
5315;0.848
5316;0.581
5317;0.066
5318;0.01
5319;0.007
5320;0.003
5321;0
5322;0
5323;0
5324;0
5325;0
5326;0
5327;0
5328;0
5329;0
5330;0
5331;0
5332;0.001
5333;0.006
5334;0.03
5335;0.35
5336;1.642
5337;2.939
5338;2.602
5339;1.697
5340;0.55
5341;0.031
5342;0.002
5343;0
5344;0
5345;0.001
5346;0
5347;0.001
5348;0.005
5349;0.021
5350;0.026
5351;0.018
5352;0.018
5353;0.01
5354;0
5355;0
5356;0.004
5357;0.02
5358;0.036
5359;0.034
5360;0.012
5361;0.005
5362;0.012
5363;0.064
5364;0.259
5365;0.074
5366;0.012
5367;0.006
5368;0.002
5369;0.001
5370;0
5371;0
5372;0.001
5373;0.002
5374;0.001
5375;0.002
5376;0.002
5377;0
5378;0.002
5379;0.616
5380;0.716
5381;0.354
5382;0.806
5383;4.641
5384;10.043
5385;12.15
5386;13.382
5387;9.383
5388;3.218
5389;0.106
5390;0.007
5391;0.014
5392;0.041
5393;0.034
5394;0.006
5395;0
5396;0.002
5397;0.001
5398;0.001
5399;0
5400;0
5401;0.001
5402;0.003
5403;0.005
5404;0.021
5405;0.084
5406;0.26
5407;0.528
5408;0.751
5409;0.84
5410;1.427
5411;3.074
5412;2.541
5413;1.013
5414;0.517
5415;0.716
5416;0.734
5417;0.399
5418;0.127
5419;0.026
5420;0.008
5421;0.005
5422;0.003
5423;0.002
5424;0.002
5425;0.004
5426;0.021
5427;0.071
5428;0.054
5429;0.082
5430;0.135
5431;0.215
5432;0.313
5433;0.541
5434;1.172
5435;1.759
5436;0.998
5437;0.162
5438;0.028
5439;0.019
5440;0.021
5441;0.04
5442;0.062
5443;0.068
5444;0.053
5445;0.047
5446;0.031
5447;0.015
5448;0.008
5449;0.014
5450;0.142
5451;0.175
5452;0.127
5453;0.211
5454;0.618
5455;1.245
5456;1.535
5457;0.698
5458;0.264
5459;0.093
5460;0.108
5461;0.026
5462;0.001
5463;0
5464;0
5465;0
5466;0
5467;0
5468;0
5469;0
5470;0
5471;0
5472;0
5473;0
5474;0.006
5475;0.003
5476;0.006
5477;0.014
5478;0.025
5479;0.026
5480;0.021
5481;0.014
5482;0.007
5483;0.003
5484;0.003
5485;0.002
5486;0
5487;0
5488;0
5489;0
5490;0
5491;0
5492;0
5493;0
5494;0
5495;0
5496;0
5497;0
5498;0.001
5499;0.002
5500;0.016
5501;0.036
5502;0.051
5503;0.073
5504;0.132
5505;0.856
5506;1.214
5507;0.67
5508;0.187
5509;0.014
5510;0.003
5511;0.001
5512;0
5513;0
5514;0
5515;0
5516;0
5517;0
5518;0
5519;0
5520;0
5521;0.001
5522;0.006
5523;0.018
5524;0.036
5525;0.023
5526;0.01
5527;0.011
5528;0.021
5529;0.069
5530;0.191
5531;0.571
5532;0.758
5533;0.122
5534;0.019
5535;0.013
5536;0.01
5537;0.008
5538;0.012
5539;0.017
5540;0.014
5541;0.008
5542;0.003
5543;0.001
5544;0.001
5545;0.004
5546;0.138
5547;0.157
5548;0.099
5549;0.125
5550;0.16
5551;0.168
5552;0.266
5553;0.322
5554;0.428
5555;0.618
5556;0.593
5557;0.07
5558;0.013
5559;0.008
5560;0.007
5561;0.006
5562;0.006
5563;0.005
5564;0.003
5565;0.002
5566;0.002
5567;0.002
5568;0.001
5569;0
5570;0
5571;0
5572;0.008
5573;0.043
5574;0.097
5575;0.112
5576;0.304
5577;1.414
5578;2.459
5579;2.066
5580;1.389
5581;0.526
5582;0.43
5583;0.516
5584;0.126
5585;0.015
5586;0.002
5587;0.003
5588;0.005
5589;0.002
5590;0
5591;0.001
5592;0
5593;0.001
5594;0
5595;0.001
5596;0.022
5597;0.003
5598;0
5599;0
5600;0
5601;0
5602;0.001
5603;0.004
5604;0.03
5605;0.006
5606;0
5607;0
5608;0
5609;0
5610;0
5611;0
5612;0
5613;0
5614;0
5615;0
5616;0
5617;0
5618;0
5619;0.014
5620;0.042
5621;0.059
5622;0.068
5623;0.095
5624;0.253
5625;0.702
5626;0.944
5627;0.696
5628;0.356
5629;0.061
5630;0.019
5631;0.002
5632;0
5633;0
5634;0
5635;0
5636;0
5637;0
5638;0
5639;0
5640;0
5641;0
5642;0.001
5643;0.002
5644;0
5645;0
5646;0
5647;0
5648;0
5649;0
5650;0.006
5651;0.01
5652;0.023
5653;0.008
5654;0.001
5655;0
5656;0
5657;0.001
5658;0.001
5659;0.001
5660;0.001
5661;0
5662;0
5663;0
5664;0.002
5665;0.001
5666;0
5667;0.005
5668;0.182
5669;0.18
5670;0.117
5671;0.084
5672;0.051
5673;0.026
5674;0.012
5675;0.005
5676;0.016
5677;0.01
5678;0.001
5679;0
5680;0
5681;0
5682;0
5683;0
5684;0
5685;0
5686;0
5687;0
5688;0
5689;0
5690;0
5691;0
5692;0.001
5693;0.008
5694;0.07
5695;0.165
5696;0.339
5697;1.85
5698;4.311
5699;4.104
5700;2.569
5701;0.559
5702;0.13
5703;0.028
5704;0.01
5705;0.011
5706;0.014
5707;0.005
5708;0.001
5709;0
5710;0
5711;0
5712;0
5713;0
5714;0.002
5715;0.071
5716;0.022
5717;0.016
5718;0.019
5719;0.036
5720;0.044
5721;0.044
5722;0.038
5723;0.022
5724;0.178
5725;0.018
5726;0.005
5727;0.005
5728;0.005
5729;0.005
5730;0.003
5731;0.002
5732;0.001
5733;0
5734;0
5735;0
5736;0
5737;0
5738;0
5739;0.008
5740;0
5741;0
5742;0.002
5743;0.015
5744;0.024
5745;0.071
5746;0.622
5747;1.019
5748;0.647
5749;0.129
5750;0.082
5751;0.092
5752;0.067
5753;0.031
5754;0.014
5755;0.006
5756;0.005
5757;0.006
5758;0.002
5759;0
5760;0
5761;0
5762;0.003
5763;0.029
5764;0.109
5765;0.142
5766;0.258
5767;0.461
5768;0.832
5769;1.381
5770;1.64
5771;1.181
5772;0.362
5773;0.023
5774;0.005
5775;0.003
5776;0.002
5777;0.001
5778;0
5779;0
5780;0
5781;0
5782;0
5783;0
5784;0
5785;0
5786;0.003
5787;0.128
5788;0.026
5789;0.019
5790;0.046
5791;0.068
5792;0.104
5793;0.214
5794;0.964
5795;1.438
5796;0.6
5797;0.09
5798;0.023
5799;0.012
5800;0.01
5801;0.01
5802;0.006
5803;0.008
5804;0.006
5805;0.003
5806;0.003
5807;0.006
5808;0.003
5809;0
5810;0.001
5811;0.001
5812;0.01
5813;0.068
5814;0.059
5815;0.112
5816;0.541
5817;1.116
5818;1.705
5819;2.064
5820;0.906
5821;0.114
5822;0.025
5823;0.014
5824;0.013
5825;0.007
5826;0.001
5827;0.001
5828;0.001
5829;0.001
5830;0.002
5831;0.002
5832;0
5833;0
5834;0
5835;0.001
5836;0.013
5837;0.101
5838;0.291
5839;0.242
5840;0.13
5841;0.028
5842;0.008
5843;0.001
5844;0.001
5845;0
5846;0
5847;0
5848;0
5849;0
5850;0
5851;0
5852;0
5853;0
5854;0
5855;0.001
5856;0.004
5857;0.009
5858;0.021
5859;0.022
5860;0
5861;0
5862;0
5863;0
5864;0
5865;0.032
5866;0.073
5867;0.309
5868;0.329
5869;0.04
5870;0.008
5871;0.004
5872;0.002
5873;0.001
5874;0
5875;0
5876;0
5877;0
5878;0
5879;0
5880;0
5881;0
5882;0
5883;0.001
5884;0
5885;0
5886;0
5887;0
5888;0
5889;0.001
5890;0.003
5891;0.003
5892;0.021
5893;0.009
5894;0.001
5895;0
5896;0
5897;0
5898;0
5899;0
5900;0
5901;0
5902;0
5903;0
5904;0
5905;0
5906;0.001
5907;0.002
5908;0.006
5909;0.012
5910;0.019
5911;0.022
5912;0.015
5913;0.009
5914;0.014
5915;0.061
5916;0.178
5917;0.025
5918;0.003
5919;0.001
5920;0
5921;0
5922;0
5923;0
5924;0
5925;0
5926;0
5927;0
5928;0
5929;0
5930;0
5931;0
5932;0.003
5933;0.015
5934;0.044
5935;0.158
5936;0.465
5937;0.65
5938;0.669
5939;0.619
5940;0.248
5941;0.023
5942;0.004
5943;0.001
5944;0
5945;0
5946;0
5947;0
5948;0
5949;0
5950;0
5951;0
5952;0
5953;0
5954;0
5955;0
5956;0.004
5957;0.008
5958;0.032
5959;0.074
5960;0.112
5961;0.377
5962;1.44
5963;1.931
5964;1.129
5965;0.202
5966;0.109
5967;0.091
5968;0.032
5969;0.015
5970;0.012
5971;0.004
5972;0
5973;0
5974;0
5975;0
5976;0
5977;0
5978;0
5979;0
5980;0.001
5981;0.006
5982;0.015
5983;0.034
5984;0.053
5985;0.075
5986;0.137
5987;0.411
5988;0.566
5989;0.064
5990;0.011
5991;0.006
5992;0.001
5993;0
5994;0
5995;0
5996;0
5997;0
5998;0
5999;0
6000;0
6001;0
6002;0.001
6003;0.007
6004;0.03
6005;0.07
6006;0.113
6007;0.167
6008;0.198
6009;0.399
6010;0.735
6011;0.881
6012;0.542
6013;0.036
6014;0.01
6015;0.007
6016;0.003
6017;0
6018;0
6019;0
6020;0
6021;0
6022;0
6023;0
6024;0
6025;0
6026;0.001
6027;0.008
6028;0.029
6029;0.052
6030;0.075
6031;0.111
6032;0.212
6033;0.601
6034;1.194
6035;1.498
6036;0.848
6037;0.081
6038;0.027
6039;0.014
6040;0.007
6041;0.008
6042;0.002
6043;0
6044;0
6045;0
6046;0
6047;0
6048;0
6049;0
6050;0.003
6051;0.198
6052;0.233
6053;0.101
6054;0.094
6055;0.163
6056;0.259
6057;0.21
6058;0.111
6059;0.058
6060;0.044
6061;0.012
6062;0.003
6063;0.003
6064;0.002
6065;0
6066;0
6067;0
6068;0
6069;0
6070;0
6071;0
6072;0
6073;0
6074;0.002
6075;0.066
6076;0.014
6077;0.007
6078;0.019
6079;0.029
6080;0.033
6081;0.126
6082;0.318
6083;0.425
6084;0.21
6085;0.046
6086;0.089
6087;0.194
6088;0.326
6089;0.618
6090;0.638
6091;0.475
6092;0.249
6093;0.05
6094;0.009
6095;0.002
6096;0
6097;0
6098;0
6099;0
6100;0.001
6101;0.005
6102;0.014
6103;0.032
6104;0.124
6105;0.594
6106;0.885
6107;0.614
6108;0.249
6109;0.073
6110;0.038
6111;0.03
6112;0.046
6113;0.017
6114;0.004
6115;0.001
6116;0.001
6117;0.001
6118;0.002
6119;0.003
6120;0.003
6121;0.002
6122;0.005
6123;0.047
6124;0.207
6125;0.308
6126;0.759
6127;1.281
6128;1.261
6129;1.113
6130;0.911
6131;0.664
6132;0.256
6133;0.024
6134;0.013
6135;0.023
6136;0.016
6137;0.008
6138;0.003
6139;0.001
6140;0
6141;0
6142;0
6143;0
6144;0.001
6145;0.001
6146;0.006
6147;0.014
6148;0.048
6149;0.098
6150;0.18
6151;0.34
6152;1.084
6153;2.121
6154;2.217
6155;1.568
6156;0.495
6157;0.04
6158;0.014
6159;0.009
6160;0.006
6161;0.002
6162;0.001
6163;0
6164;0
6165;0
6166;0
6167;0
6168;0
6169;0
6170;0
6171;0.001
6172;0.008
6173;0.02
6174;0.07
6175;0.139
6176;0.63
6177;2.007
6178;2.665
6179;1.82
6180;0.497
6181;0.04
6182;0.008
6183;0.002
6184;0
6185;0
6186;0
6187;0
6188;0
6189;0
6190;0
6191;0
6192;0
6193;0
6194;0
6195;0.003
6196;0.001
6197;0.001
6198;0.006
6199;0.037
6200;0.067
6201;0.314
6202;1.233
6203;1.43
6204;1.084
6205;0.262
6206;0.302
6207;0.4
6208;0.251
6209;0.084
6210;0.018
6211;0.002
6212;0.001
6213;0.001
6214;0
6215;0
6216;0.001
6217;0.004
6218;0.021
6219;0.103
6220;0.211
6221;0.436
6222;0.813
6223;1.561
6224;2.413
6225;3.396
6226;3.081
6227;1.498
6228;0.352
6229;0.033
6230;0.02
6231;0.019
6232;0.015
6233;0.003
6234;0.001
6235;0
6236;0
6237;0
6238;0
6239;0
6240;0
6241;0.002
6242;0.014
6243;0.205
6244;0.601
6245;0.544
6246;0.542
6247;0.466
6248;0.337
6249;0.196
6250;0.06
6251;0.006
6252;0
6253;0
6254;0
6255;0.003
6256;0.006
6257;0.008
6258;0.009
6259;0.014
6260;0.018
6261;0.025
6262;0.029
6263;0.026
6264;0.023
6265;0.017
6266;0.007
6267;0.004
6268;0
6269;0
6270;0
6271;0
6272;0
6273;0
6274;0
6275;0
6276;0
6277;0
6278;0
6279;0
6280;0.001
6281;0
6282;0
6283;0
6284;0
6285;0
6286;0
6287;0
6288;0
6289;0
6290;0
6291;0
6292;0.001
6293;0
6294;0
6295;0
6296;0
6297;0
6298;0
6299;0
6300;0.008
6301;0.001
6302;0
6303;0
6304;0
6305;0
6306;0
6307;0
6308;0
6309;0
6310;0.001
6311;0.001
6312;0.001
6313;0.001
6314;0
6315;0
6316;0.001
6317;0
6318;0
6319;0
6320;0.001
6321;0.004
6322;0.043
6323;0.075
6324;0.064
6325;0.004
6326;0
6327;0
6328;0.001
6329;0.001
6330;0.001
6331;0.001
6332;0
6333;0
6334;0
6335;0.001
6336;0.002
6337;0.002
6338;0
6339;0
6340;0
6341;0
6342;0.001
6343;0.001
6344;0.002
6345;0.006
6346;0.003
6347;0.004
6348;0.005
6349;0
6350;0
6351;0
6352;0
6353;0
6354;0
6355;0
6356;0
6357;0
6358;0
6359;0
6360;0
6361;0
6362;0.001
6363;0
6364;0.001
6365;0.001
6366;0
6367;0
6368;0
6369;0
6370;0.004
6371;0.059
6372;0.118
6373;0.01
6374;0.002
6375;0.001
6376;0
6377;0
6378;0
6379;0
6380;0
6381;0
6382;0
6383;0
6384;0
6385;0
6386;0
6387;0.002
6388;0.006
6389;0.012
6390;0.02
6391;0.016
6392;0.012
6393;0.013
6394;0.021
6395;0.016
6396;0.051
6397;0.004
6398;0.003
6399;0.003
6400;0.004
6401;0.006
6402;0.01
6403;0.022
6404;0.033
6405;0.026
6406;0.01
6407;0.005
6408;0.002
6409;0
6410;0.001
6411;0.009
6412;0.052
6413;0.082
6414;0.176
6415;0.305
6416;0.397
6417;0.644
6418;0.849
6419;0.63
6420;0.168
6421;0.024
6422;0.026
6423;0.026
6424;0.018
6425;0.009
6426;0.003
6427;0.001
6428;0
6429;0
6430;0
6431;0.001
6432;0.001
6433;0.001
6434;0.002
6435;0.008
6436;0.016
6437;0.008
6438;0.007
6439;0.023
6440;0.072
6441;0.069
6442;0.042
6443;0.022
6444;0.019
6445;0.002
6446;0
6447;0
6448;0
6449;0
6450;0
6451;0
6452;0
6453;0
6454;0
6455;0
6456;0
6457;0
6458;0
6459;0.005
6460;0.039
6461;0.032
6462;0.037
6463;0.013
6464;0.008
6465;0.007
6466;0.006
6467;0.002
6468;0
6469;0
6470;0
6471;0
6472;0
6473;0
6474;0
6475;0.001
6476;0.001
6477;0.002
6478;0.007
6479;0.021
6480;0.055
6481;0.094
6482;0.138
6483;0.255
6484;0.615
6485;0.488
6486;0.69
6487;0.831
6488;0.498
6489;0.286
6490;0.126
6491;0.053
6492;0.032
6493;0.008
6494;0.011
6495;0.02
6496;0.028
6497;0.031
6498;0.022
6499;0.009
6500;0.003
6501;0.002
6502;0.001
6503;0
6504;0
6505;0
6506;0
6507;0.006
6508;0.214
6509;0.853
6510;1.347
6511;1.923
6512;1.834
6513;1.198
6514;0.516
6515;0.147
6516;0.03
6517;0.003
6518;0.001
6519;0
6520;0
6521;0.002
6522;0.003
6523;0.004
6524;0.005
6525;0.005
6526;0.006
6527;0.009
6528;0.014
6529;0.012
6530;0.001
6531;0.002
6532;0.009
6533;0.042
6534;0.078
6535;0.092
6536;0.082
6537;0.075
6538;0.053
6539;0.07
6540;0.222
6541;0.008
6542;0.001
6543;0
6544;0
6545;0
6546;0
6547;0
6548;0
6549;0
6550;0
6551;0
6552;0
6553;0
6554;0
6555;0
6556;0
6557;0
6558;0
6559;0
6560;0
6561;0.006
6562;0.014
6563;0.013
6564;0.077
6565;0.006
6566;0.001
6567;0
6568;0
6569;0
6570;0
6571;0
6572;0
6573;0
6574;0
6575;0
6576;0
6577;0
6578;0
6579;0.001
6580;0.012
6581;0
6582;0
6583;0.017
6584;0.021
6585;0.006
6586;0
6587;0
6588;0
6589;0
6590;0
6591;0
6592;0
6593;0
6594;0
6595;0
6596;0
6597;0
6598;0.001
6599;0.003
6600;0.005
6601;0.001
6602;0
6603;0
6604;0.002
6605;0.014
6606;0.035
6607;0.029
6608;0.016
6609;0.013
6610;0.007
6611;0.005
6612;0.015
6613;0.001
6614;0
6615;0
6616;0
6617;0
6618;0
6619;0
6620;0
6621;0
6622;0
6623;0
6624;0
6625;0
6626;0
6627;0.001
6628;0.001
6629;0
6630;0
6631;0.002
6632;0.014
6633;0.028
6634;0.031
6635;0.139
6636;0.202
6637;0.009
6638;0.003
6639;0.001
6640;0
6641;0
6642;0
6643;0
6644;0
6645;0
6646;0
6647;0
6648;0
6649;0
6650;0
6651;0
6652;0.001
6653;0.001
6654;0.002
6655;0.007
6656;0.029
6657;0.041
6658;0.047
6659;0.077
6660;0.152
6661;0.006
6662;0.002
6663;0.002
6664;0.001
6665;0
6666;0
6667;0
6668;0
6669;0
6670;0
6671;0
6672;0
6673;0
6674;0
6675;0.002
6676;0.002
6677;0.001
6678;0.002
6679;0.003
6680;0.009
6681;0.037
6682;0.034
6683;0.049
6684;0.193
6685;0.008
6686;0.002
6687;0
6688;0
6689;0
6690;0
6691;0
6692;0
6693;0
6694;0
6695;0
6696;0
6697;0
6698;0
6699;0
6700;0
6701;0
6702;0
6703;0
6704;0.001
6705;0.008
6706;0.019
6707;0.056
6708;0.159
6709;0.008
6710;0.002
6711;0
6712;0
6713;0
6714;0
6715;0
6716;0
6717;0
6718;0
6719;0
6720;0
6721;0
6722;0
6723;0
6724;0
6725;0
6726;0.001
6727;0.021
6728;0.055
6729;0.085
6730;0.284
6731;0.685
6732;0.221
6733;0.01
6734;0.006
6735;0.005
6736;0.001
6737;0
6738;0
6739;0
6740;0
6741;0
6742;0
6743;0
6744;0
6745;0
6746;0
6747;0.003
6748;0.001
6749;0
6750;0
6751;0
6752;0.001
6753;0.009
6754;0.011
6755;0.014
6756;0.077
6757;0.004
6758;0
6759;0
6760;0
6761;0
6762;0
6763;0
6764;0
6765;0
6766;0
6767;0
6768;0
6769;0
6770;0
6771;0.029
6772;0.269
6773;0.087
6774;0.082
6775;0.114
6776;0.126
6777;0.128
6778;0.122
6779;0.162
6780;0.162
6781;0.004
6782;0
6783;0
6784;0
6785;0
6786;0
6787;0
6788;0
6789;0
6790;0
6791;0
6792;0
6793;0
6794;0
6795;0
6796;0
6797;0.001
6798;0.005
6799;0.015
6800;0.041
6801;0.052
6802;0.059
6803;0.243
6804;0.289
6805;0.023
6806;0.013
6807;0.007
6808;0.006
6809;0.005
6810;0.002
6811;0.001
6812;0
6813;0
6814;0
6815;0
6816;0
6817;0
6818;0
6819;0
6820;0.002
6821;0.014
6822;0.026
6823;0.053
6824;0.075
6825;0.095
6826;0.098
6827;0.186
6828;0.141
6829;0.005
6830;0.001
6831;0
6832;0
6833;0
6834;0
6835;0
6836;0
6837;0
6838;0
6839;0
6840;0
6841;0
6842;0
6843;0
6844;0.002
6845;0.004
6846;0.019
6847;0.063
6848;0.091
6849;0.111
6850;0.173
6851;0.267
6852;0.151
6853;0.009
6854;0.001
6855;0.001
6856;0
6857;0
6858;0
6859;0
6860;0
6861;0
6862;0
6863;0
6864;0
6865;0
6866;0
6867;0
6868;0
6869;0
6870;0.002
6871;0.005
6872;0.02
6873;0.038
6874;0.03
6875;0.028
6876;0.053
6877;0.002
6878;0
6879;0
6880;0
6881;0
6882;0
6883;0
6884;0
6885;0
6886;0
6887;0
6888;0
6889;0
6890;0
6891;0
6892;0
6893;0
6894;0
6895;0
6896;0
6897;0.002
6898;0.005
6899;0.006
6900;0.023
6901;0
6902;0
6903;0
6904;0
6905;0
6906;0
6907;0
6908;0
6909;0
6910;0
6911;0
6912;0
6913;0
6914;0
6915;0.001
6916;0.019
6917;0.059
6918;0.06
6919;0.031
6920;0.01
6921;0.01
6922;0.023
6923;0.072
6924;0.094
6925;0.004
6926;0.001
6927;0
6928;0
6929;0
6930;0
6931;0
6932;0
6933;0
6934;0
6935;0
6936;0
6937;0
6938;0
6939;0
6940;0.003
6941;0.001
6942;0.002
6943;0.004
6944;0.007
6945;0.007
6946;0.007
6947;0.011
6948;0.039
6949;0.002
6950;0
6951;0
6952;0
6953;0
6954;0
6955;0
6956;0
6957;0
6958;0
6959;0
6960;0
6961;0
6962;0
6963;0
6964;0.001
6965;0.003
6966;0
6967;0
6968;0.001
6969;0.003
6970;0.003
6971;0.009
6972;0.006
6973;0
6974;0
6975;0
6976;0
6977;0
6978;0
6979;0
6980;0
6981;0
6982;0
6983;0
6984;0
6985;0
6986;0
6987;0
6988;0
6989;0
6990;0
6991;0
6992;0.008
6993;0.016
6994;0.03
6995;0.158
6996;0.037
6997;0.002
6998;0
6999;0
7000;0
7001;0.001
7002;0.001
7003;0.001
7004;0.001
7005;0.001
7006;0
7007;0
7008;0
7009;0
7010;0
7011;0.001
7012;0.026
7013;0.095
7014;0.24
7015;0.441
7016;0.492
7017;0.615
7018;0.598
7019;0.283
7020;0.034
7021;0.005
7022;0.004
7023;0.003
7024;0.003
7025;0.002
7026;0.002
7027;0.001
7028;0.001
7029;0
7030;0
7031;0
7032;0
7033;0
7034;0
7035;0.004
7036;0.11
7037;0.046
7038;0.046
7039;0.07
7040;0.101
7041;0.113
7042;0.164
7043;0.326
7044;0.06
7045;0.001
7046;0.001
7047;0.001
7048;0.001
7049;0.001
7050;0.001
7051;0
7052;0
7053;0
7054;0
7055;0
7056;0
7057;0.001
7058;0
7059;0.005
7060;0.162
7061;0.203
7062;0.084
7063;0.065
7064;0.059
7065;0.044
7066;0.033
7067;0.014
7068;0.005
7069;0
7070;0
7071;0
7072;0
7073;0
7074;0
7075;0
7076;0
7077;0
7078;0
7079;0
7080;0
7081;0
7082;0
7083;0
7084;0.002
7085;0.002
7086;0.004
7087;0.008
7088;0.007
7089;0.005
7090;0.004
7091;0.002
7092;0.003
7093;0
7094;0
7095;0
7096;0
7097;0
7098;0
7099;0
7100;0
7101;0
7102;0
7103;0
7104;0
7105;0
7106;0
7107;0
7108;0.012
7109;0.005
7110;0.004
7111;0.004
7112;0.004
7113;0.007
7114;0.009
7115;0.021
7116;0.025
7117;0.001
7118;0
7119;0
7120;0
7121;0
7122;0
7123;0
7124;0
7125;0
7126;0
7127;0
7128;0
7129;0
7130;0
7131;0
7132;0.001
7133;0.003
7134;0.002
7135;0.008
7136;0.015
7137;0.007
7138;0.002
7139;0
7140;0.002
7141;0
7142;0
7143;0
7144;0.001
7145;0.001
7146;0.002
7147;0.002
7148;0.004
7149;0.008
7150;0.008
7151;0.004
7152;0.001
7153;0
7154;0
7155;0.001
7156;0.142
7157;0.062
7158;0.053
7159;0.06
7160;0.08
7161;0.091
7162;0.082
7163;0.046
7164;0.042
7165;0.002
7166;0.003
7167;0.004
7168;0.005
7169;0.005
7170;0.003
7171;0.004
7172;0.005
7173;0.007
7174;0.007
7175;0.007
7176;0.006
7177;0.006
7178;0.002
7179;0.014
7180;0.218
7181;0.263
7182;0.208
7183;0.244
7184;0.269
7185;0.282
7186;0.551
7187;1.082
7188;0.229
7189;0.022
7190;0.006
7191;0.003
7192;0.002
7193;0
7194;0
7195;0
7196;0
7197;0
7198;0
7199;0
7200;0
7201;0
7202;0
7203;0
7204;0
7205;0.002
7206;0.013
7207;0.028
7208;0.041
7209;0.035
7210;0.033
7211;0.033
7212;0.021
7213;0
7214;0
7215;0
7216;0
7217;0
7218;0.001
7219;0
7220;0
7221;0
7222;0
7223;0
7224;0
7225;0
7226;0
7227;0
7228;0
7229;0.001
7230;0.006
7231;0.002
7232;0.002
7233;0.011
7234;0.013
7235;0.08
7236;0.013
7237;0
7238;0
7239;0
7240;0
7241;0
7242;0
7243;0
7244;0
7245;0
7246;0
7247;0
7248;0
7249;0
7250;0
7251;0
7252;0
7253;0
7254;0.001
7255;0.001
7256;0.004
7257;0.011
7258;0.027
7259;0.008
7260;0.001
7261;0
7262;0
7263;0.001
7264;0.002
7265;0.001
7266;0.001
7267;0.001
7268;0
7269;0
7270;0
7271;0
7272;0.001
7273;0.001
7274;0
7275;0
7276;0.001
7277;0.001
7278;0.001
7279;0.004
7280;0.016
7281;0.016
7282;0.013
7283;0.01
7284;0.031
7285;0.002
7286;0
7287;0
7288;0
7289;0
7290;0
7291;0
7292;0
7293;0
7294;0.001
7295;0.001
7296;0
7297;0
7298;0
7299;0
7300;0.004
7301;0.002
7302;0.003
7303;0.006
7304;0.013
7305;0.018
7306;0.019
7307;0.101
7308;0.023
7309;0.001
7310;0
7311;0
7312;0
7313;0
7314;0
7315;0
7316;0
7317;0
7318;0
7319;0
7320;0
7321;0
7322;0
7323;0
7324;0
7325;0
7326;0
7327;0
7328;0
7329;0.001
7330;0.006
7331;0.009
7332;0.011
7333;0
7334;0
7335;0.001
7336;0.003
7337;0.002
7338;0.002
7339;0.001
7340;0.001
7341;0.001
7342;0
7343;0
7344;0.002
7345;0.003
7346;0.001
7347;0
7348;0
7349;0.003
7350;0.007
7351;0.018
7352;0.021
7353;0.016
7354;0.009
7355;0.033
7356;0.008
7357;0
7358;0
7359;0.001
7360;0.001
7361;0
7362;0
7363;0
7364;0
7365;0
7366;0
7367;0
7368;0
7369;0
7370;0
7371;0
7372;0.001
7373;0.001
7374;0.003
7375;0.01
7376;0.014
7377;0.014
7378;0.02
7379;0.101
7380;0.021
7381;0.001
7382;0
7383;0
7384;0
7385;0
7386;0
7387;0
7388;0
7389;0
7390;0
7391;0
7392;0
7393;0
7394;0
7395;0
7396;0.037
7397;0.279
7398;0.333
7399;0.268
7400;0.276
7401;0.376
7402;0.699
7403;0.468
7404;0.025
7405;0.001
7406;0
7407;0
7408;0
7409;0
7410;0
7411;0
7412;0
7413;0
7414;0
7415;0
7416;0
7417;0
7418;0
7419;0
7420;0.013
7421;0.309
7422;0.109
7423;0.062
7424;0.047
7425;0.035
7426;0.018
7427;0.046
7428;0.003
7429;0
7430;0
7431;0
7432;0
7433;0
7434;0
7435;0
7436;0
7437;0
7438;0
7439;0
7440;0
7441;0
7442;0
7443;0
7444;0.002
7445;0.02
7446;0.043
7447;0.084
7448;0.093
7449;0.056
7450;0.037
7451;0.144
7452;0.005
7453;0
7454;0
7455;0
7456;0.001
7457;0
7458;0
7459;0
7460;0
7461;0
7462;0
7463;0.001
7464;0
7465;0
7466;0
7467;0
7468;0.001
7469;0.006
7470;0.003
7471;0.001
7472;0.012
7473;0.02
7474;0.007
7475;0.007
7476;0
7477;0
7478;0
7479;0
7480;0
7481;0
7482;0
7483;0
7484;0
7485;0
7486;0
7487;0
7488;0
7489;0
7490;0
7491;0
7492;0.005
7493;0.001
7494;0
7495;0
7496;0.001
7497;0.008
7498;0.042
7499;0.197
7500;0.009
7501;0
7502;0.001
7503;0.007
7504;0.013
7505;0.018
7506;0.014
7507;0.006
7508;0.002
7509;0.002
7510;0.004
7511;0.004
7512;0.004
7513;0.003
7514;0.001
7515;0
7516;0.012
7517;0.043
7518;0.004
7519;0.002
7520;0.004
7521;0.01
7522;0.013
7523;0.06
7524;0.005
7525;0
7526;0.001
7527;0.001
7528;0
7529;0
7530;0
7531;0
7532;0
7533;0
7534;0
7535;0
7536;0
7537;0
7538;0
7539;0.002
7540;0.063
7541;0.149
7542;0.041
7543;0.049
7544;0.053
7545;0.053
7546;0.081
7547;0.397
7548;0.025
7549;0.003
7550;0.002
7551;0.004
7552;0.002
7553;0.001
7554;0
7555;0
7556;0
7557;0
7558;0.001
7559;0.003
7560;0.003
7561;0.003
7562;0.002
7563;0.002
7564;0.015
7565;0.108
7566;0.125
7567;0.093
7568;0.054
7569;0.029
7570;0.038
7571;0.07
7572;0
7573;0
7574;0
7575;0
7576;0
7577;0.001
7578;0.001
7579;0
7580;0
7581;0.001
7582;0.001
7583;0.001
7584;0.001
7585;0.001
7586;0
7587;0.001
7588;0.014
7589;0.173
7590;0.279
7591;0.137
7592;0.092
7593;0.043
7594;0.038
7595;0.024
7596;0
7597;0
7598;0
7599;0
7600;0
7601;0
7602;0
7603;0
7604;0
7605;0
7606;0
7607;0
7608;0
7609;0
7610;0
7611;0
7612;0
7613;0.001
7614;0.012
7615;0.025
7616;0.031
7617;0.032
7618;0.029
7619;0.003
7620;0
7621;0
7622;0
7623;0
7624;0
7625;0
7626;0
7627;0
7628;0
7629;0
7630;0
7631;0
7632;0
7633;0.001
7634;0
7635;0
7636;0.047
7637;0.306
7638;0.212
7639;0.106
7640;0.066
7641;0.062
7642;0.231
7643;0.088
7644;0.002
7645;0.001
7646;0.002
7647;0.002
7648;0.001
7649;0.001
7650;0.001
7651;0.001
7652;0.002
7653;0.003
7654;0.003
7655;0.002
7656;0.001
7657;0.001
7658;0
7659;0.001
7660;0.091
7661;0.645
7662;1.414
7663;1.584
7664;0.994
7665;0.724
7666;0.564
7667;0.113
7668;0.002
7669;0.001
7670;0
7671;0
7672;0
7673;0
7674;0
7675;0
7676;0
7677;0
7678;0
7679;0.001
7680;0.001
7681;0.001
7682;0
7683;0.002
7684;0.099
7685;0.434
7686;0.813
7687;0.992
7688;1.004
7689;0.699
7690;0.431
7691;0.18
7692;0.001
7693;0.001
7694;0.001
7695;0
7696;0
7697;0
7698;0
7699;0
7700;0
7701;0
7702;0
7703;0
7704;0
7705;0
7706;0
7707;0
7708;0.002
7709;0.002
7710;0.001
7711;0.011
7712;0.036
7713;0.031
7714;0.007
7715;0.004
7716;0
7717;0
7718;0.001
7719;0.001
7720;0
7721;0
7722;0
7723;0
7724;0
7725;0.001
7726;0
7727;0
7728;0
7729;0
7730;0
7731;0
7732;0
7733;0.004
7734;0.003
7735;0.006
7736;0.022
7737;0.032
7738;0.025
7739;0.03
7740;0.006
7741;0
7742;0
7743;0
7744;0
7745;0
7746;0
7747;0
7748;0
7749;0
7750;0
7751;0
7752;0
7753;0
7754;0
7755;0
7756;0
7757;0.001
7758;0.009
7759;0.015
7760;0.006
7761;0.002
7762;0.001
7763;0.007
7764;0.007
7765;0
7766;0
7767;0
7768;0
7769;0
7770;0
7771;0
7772;0
7773;0
7774;0
7775;0
7776;0
7777;0
7778;0
7779;0
7780;0
7781;0
7782;0
7783;0.003
7784;0.023
7785;0.028
7786;0.058
7787;0.169
7788;0.006
7789;0
7790;0
7791;0.001
7792;0.003
7793;0.001
7794;0.001
7795;0.001
7796;0.001
7797;0.001
7798;0
7799;0
7800;0
7801;0
7802;0
7803;0
7804;0.013
7805;0.007
7806;0.006
7807;0.006
7808;0.025
7809;0.037
7810;0.022
7811;0.081
7812;0.004
7813;0
7814;0
7815;0
7816;0
7817;0
7818;0
7819;0
7820;0
7821;0
7822;0
7823;0
7824;0
7825;0
7826;0
7827;0
7828;0.029
7829;0.028
7830;0.012
7831;0.011
7832;0.014
7833;0.014
7834;0.016
7835;0.077
7836;0.003
7837;0
7838;0
7839;0
7840;0
7841;0
7842;0
7843;0
7844;0
7845;0
7846;0
7847;0
7848;0
7849;0
7850;0
7851;0
7852;0.003
7853;0.029
7854;0.053
7855;0.037
7856;0.015
7857;0.008
7858;0.005
7859;0.005
7860;0
7861;0
7862;0
7863;0
7864;0
7865;0
7866;0
7867;0
7868;0
7869;0
7870;0
7871;0
7872;0
7873;0
7874;0
7875;0
7876;0
7877;0
7878;0.006
7879;0.029
7880;0.01
7881;0
7882;0
7883;0
7884;0
7885;0
7886;0
7887;0
7888;0
7889;0
7890;0
7891;0
7892;0.001
7893;0.002
7894;0.002
7895;0.003
7896;0.003
7897;0.003
7898;0.002
7899;0
7900;0.006
7901;0.204
7902;0.192
7903;0.093
7904;0.039
7905;0.024
7906;0.018
7907;0.004
7908;0
7909;0
7910;0
7911;0
7912;0.002
7913;0.005
7914;0.006
7915;0.004
7916;0.002
7917;0.001
7918;0
7919;0
7920;0
7921;0
7922;0
7923;0
7924;0.003
7925;0.033
7926;0.01
7927;0.012
7928;0.026
7929;0.069
7930;0.174
7931;0.023
7932;0
7933;0
7934;0
7935;0
7936;0.001
7937;0.001
7938;0.001
7939;0.002
7940;0.002
7941;0.002
7942;0.002
7943;0.002
7944;0.002
7945;0.001
7946;0.001
7947;0
7948;0
7949;0.019
7950;0.05
7951;0.064
7952;0.076
7953;0.091
7954;0.17
7955;0.034
7956;0.001
7957;0
7958;0.001
7959;0.005
7960;0.013
7961;0.015
7962;0.012
7963;0.01
7964;0.01
7965;0.012
7966;0.009
7967;0.009
7968;0.012
7969;0.013
7970;0.009
7971;0
7972;0.002
7973;0.062
7974;0.226
7975;0.347
7976;0.358
7977;0.393
7978;0.226
7979;0.045
7980;0.002
7981;0
7982;0.002
7983;0.004
7984;0.003
7985;0.002
7986;0.001
7987;0.001
7988;0.001
7989;0.002
7990;0.003
7991;0.006
7992;0.01
7993;0.018
7994;0.021
7995;0.008
7996;0.001
7997;0.06
7998;0.115
7999;0.1
8000;0.054
8001;0.032
8002;0.021
8003;0.055
8004;0.003
8005;0.001
8006;0.003
8007;0.006
8008;0.009
8009;0.007
8010;0.005
8011;0.003
8012;0.002
8013;0.002
8014;0.002
8015;0.002
8016;0.002
8017;0.002
8018;0.001
8019;0
8020;0.003
8021;0.127
8022;0.144
8023;0.247
8024;0.199
8025;0.128
8026;0.08
8027;0.117
8028;0.003
8029;0.002
8030;0.002
8031;0.002
8032;0.002
8033;0.001
8034;0
8035;0
8036;0
8037;0
8038;0
8039;0
8040;0.001
8041;0.001
8042;0
8043;0
8044;0
8045;0.012
8046;0.041
8047;0.053
8048;0.044
8049;0.046
8050;0.029
8051;0.073
8052;0.001
8053;0
8054;0.001
8055;0.002
8056;0.001
8057;0.001
8058;0.001
8059;0.001
8060;0.001
8061;0.001
8062;0.001
8063;0.001
8064;0.001
8065;0.001
8066;0.001
8067;0.001
8068;0.025
8069;0.117
8070;0.4
8071;0.483
8072;0.619
8073;0.668
8074;0.754
8075;0.111
8076;0.004
8077;0
8078;0.001
8079;0.001
8080;0.002
8081;0.003
8082;0.004
8083;0.007
8084;0.014
8085;0.02
8086;0.024
8087;0.036
8088;0.064
8089;0.109
8090;0.137
8091;0.068
8092;0.036
8093;0.027
8094;0.02
8095;0.293
8096;0.381
8097;0.282
8098;0.263
8099;0.018
8100;0
8101;0
8102;0.002
8103;0.015
8104;0.022
8105;0.019
8106;0.013
8107;0.007
8108;0.003
8109;0.001
8110;0
8111;0
8112;0
8113;0
8114;0
8115;0
8116;0
8117;0.008
8118;0.002
8119;0.002
8120;0.004
8121;0.002
8122;0
8123;0
8124;0
8125;0
8126;0.004
8127;0.006
8128;0.006
8129;0.004
8130;0.002
8131;0.002
8132;0.002
8133;0.002
8134;0.002
8135;0.001
8136;0
8137;0
8138;0
8139;0
8140;0
8141;0.014
8142;0.004
8143;0.004
8144;0.002
8145;0.002
8146;0.002
8147;0.013
8148;0
8149;0
8150;0
8151;0
8152;0
8153;0
8154;0
8155;0
8156;0
8157;0.002
8158;0.001
8159;0
8160;0
8161;0
8162;0
8163;0
8164;0
8165;0
8166;0
8167;0.003
8168;0.006
8169;0.006
8170;0.002
8171;0.017
8172;0.001
8173;0
8174;0
8175;0.001
8176;0.003
8177;0.004
8178;0.003
8179;0.002
8180;0.001
8181;0.001
8182;0.001
8183;0.001
8184;0
8185;0
8186;0
8187;0
8188;0.001
8189;0.021
8190;0.007
8191;0.008
8192;0.015
8193;0.014
8194;0.025
8195;0.095
8196;0.004
8197;0
8198;0
8199;0
8200;0
8201;0
8202;0
8203;0
8204;0
8205;0
8206;0
8207;0
8208;0
8209;0.001
8210;0.001
8211;0
8212;0.003
8213;0.005
8214;0.008
8215;0.009
8216;0.007
8217;0.006
8218;0.004
8219;0.099
8220;0.006
8221;0
8222;0
8223;0
8224;0
8225;0
8226;0
8227;0
8228;0
8229;0
8230;0
8231;0
8232;0
8233;0
8234;0
8235;0
8236;0.001
8237;0.001
8238;0
8239;0.001
8240;0.003
8241;0.008
8242;0.007
8243;0.025
8244;0.012
8245;0
8246;0
8247;0
8248;0
8249;0
8250;0
8251;0
8252;0
8253;0
8254;0
8255;0
8256;0
8257;0
8258;0
8259;0
8260;0
8261;0
8262;0
8263;0.001
8264;0.008
8265;0.023
8266;0.072
8267;0.132
8268;0.008
8269;0.001
8270;0
8271;0
8272;0
8273;0
8274;0
8275;0.002
8276;0.003
8277;0
8278;0
8279;0
8280;0
8281;0.003
8282;0.005
8283;0.002
8284;0
8285;0.003
8286;0.007
8287;0.013
8288;0.005
8289;0.002
8290;0.006
8291;0
8292;0
8293;0
8294;0
8295;0.003
8296;0.006
8297;0.004
8298;0.001
8299;0
8300;0
8301;0
8302;0
8303;0
8304;0
8305;0
8306;0
8307;0
8308;0.002
8309;0.293
8310;2.703
8311;4.2
8312;1.98
8313;0.268
8314;0.007
8315;0.076
8316;0.071
8317;0.172
8318;0.324
8319;0.263
8320;0.143
8321;0.092
8322;0.116
8323;0.157
8324;0.254
8325;0.152
8326;0.079
8327;0.058
8328;0.071
8329;0.083
8330;0.095
8331;0.131
8332;0.033
8333;0.01
8334;0.001
8335;0.008
8336;0.005
8337;0.015
8338;0.03
8339;0.014
8340;0
8341;0
8342;0
8343;0.002
8344;0.004
8345;0.002
8346;0.001
8347;0.001
8348;0.002
8349;0.004
8350;0.003
8351;0.001
8352;0
8353;0
8354;0
8355;0
8356;0
8357;0
8358;0
8359;0
8360;0
8361;0
8362;0.15
8363;0.264
8364;0.002
8365;0
8366;0
8367;0
8368;0.001
8369;0.001
8370;0.001
8371;0.001
8372;0.001
8373;0.001
8374;0.002
8375;0.006
8376;0.014
8377;0.016
8378;0.019
8379;0.011
8380;0.023
8381;0.03
8382;0.113
8383;0.13
8384;0.138
8385;0.152
8386;0.178
8387;0.034
8388;0.002
8389;0.002
8390;0.006
8391;0.012
8392;0.018
8393;0.021
8394;0.022
8395;0.021
8396;0.02
8397;0.019
8398;0.016
8399;0.012
8400;0.012
8401;0.013
8402;0.013
8403;0.004
8404;0.004
8405;0.085
8406;0.996
8407;1.343
8408;1.008
8409;1.499
8410;1.591
8411;0.685
8412;0.056
8413;0.013
8414;0.011
8415;0.017
8416;0.019
8417;0.012
8418;0.009
8419;0.009
8420;0.005
8421;0.003
8422;0.003
8423;0.002
8424;0.001
8425;0
8426;0.001
8427;0
8428;0.02
8429;0.268
8430;0.624
8431;0.607
8432;0.744
8433;1.058
8434;0.861
8435;0.14
8436;0.005
8437;0.006
8438;0.009
8439;0.009
8440;0.007
8441;0.006
8442;0.005
8443;0.003
8444;0.002
8445;0.001
8446;0.002
8447;0.004
8448;0.006
8449;0.008
8450;0.008
8451;0.002
8452;0.006
8453;0.004
8454;0.002
8455;0.001
8456;0.077
8457;0.296
8458;0.24
8459;0.131
8460;0.003
8461;0.002
8462;0.002
8463;0.002
8464;0.001
8465;0.001
8466;0.001
8467;0
8468;0
8469;0
8470;0
8471;0
8472;0
8473;0
8474;0
8475;0
8476;0.003
8477;0.148
8478;0.292
8479;0.398
8480;0.391
8481;0.3
8482;0.175
8483;0.053
8484;0.001
8485;0
8486;0
8487;0
8488;0
8489;0
8490;0
8491;0
8492;0
8493;0
8494;0
8495;0
8496;0
8497;0.001
8498;0.001
8499;0.002
8500;0.111
8501;0.77
8502;1.257
8503;1.67
8504;1.819
8505;1.59
8506;1.054
8507;0.215
8508;0.015
8509;0.004
8510;0.002
8511;0.003
8512;0.004
8513;0.007
8514;0.009
8515;0.011
8516;0.009
8517;0.008
8518;0.005
8519;0.002
8520;0.001
8521;0
8522;0
8523;0
8524;0.047
8525;0.542
8526;1.333
8527;1.905
8528;2.013
8529;2.127
8530;1.759
8531;0.417
8532;0.016
8533;0.003
8534;0.002
8535;0.002
8536;0.001
8537;0
8538;0
8539;0
8540;0
8541;0
8542;0
8543;0
8544;0
8545;0
8546;0
8547;0
8548;0.011
8549;0.306
8550;0.574
8551;0.106
8552;0.157
8553;0.179
8554;0.071
8555;0.062
8556;0.001
8557;0
8558;0
8559;0
8560;0
8561;0.001
8562;0.002
8563;0.004
8564;0.002
8565;0.001
8566;0.002
8567;0.002
8568;0.003
8569;0.004
8570;0.002
8571;0
8572;0.002
8573;0.058
8574;0.073
8575;0.213
8576;0.357
8577;0.377
8578;0.88
8579;0.168
8580;0.003
8581;0.001
8582;0.001
8583;0.002
8584;0.003
8585;0.004
8586;0.006
8587;0.006
8588;0.005
8589;0.004
8590;0.004
8591;0.002
8592;0.001
8593;0
8594;0
8595;0
8596;0
8597;0.011
8598;0.015
8599;0.031
8600;0.062
8601;0.055
8602;0.153
8603;0.089
8604;0.007
8605;0.001
8606;0.001
8607;0.001
8608;0
8609;0
8610;0
8611;0
8612;0
8613;0
8614;0
8615;0
8616;0
8617;0.001
8618;0.001
8619;0
8620;0
8621;0.001
8622;0.005
8623;0.007
8624;0.014
8625;0.017
8626;0.018
8627;0.094
8628;0.007
8629;0
8630;0
8631;0
8632;0.001
8633;0.001
8634;0.001
8635;0.001
8636;0.002
8637;0.003
8638;0.003
8639;0.005
8640;0.008
8641;0.014
8642;0.023
8643;0.033
8644;0.035
8645;0.01
8646;0.169
8647;1.213
8648;1.778
8649;1.803
8650;1.674
8651;0.618
8652;0.074
8653;0.07
8654;0.104
8655;0.176
8656;0.204
8657;0.192
8658;0.177
8659;0.157
8660;0.14
8661;0.119
8662;0.163
8663;0.265
8664;0.449
8665;0.69
8666;0.967
8667;0.831
8668;0.008
8669;0.029
8670;0
8671;0.002
8672;0.001
8673;0
8674;0.076
8675;0.018
8676;0.001
8677;0.001
8678;0.003
8679;0.007
8680;0.011
8681;0.014
8682;0.021
8683;0.026
8684;0.023
8685;0.021
8686;0.021
8687;0.015
8688;0.01
8689;0.006
8690;0.002
8691;0
8692;0
8693;0.001
8694;0
8695;0
8696;0
8697;0.006
8698;0.031
8699;0.039
8700;0.001
8701;0.001
8702;0.002
8703;0.003
8704;0.002
8705;0.001
8706;0.002
8707;0.004
8708;0.007
8709;0.012
8710;0.012
8711;0.01
8712;0.008
8713;0.004
8714;0.002
8715;0
8716;0
8717;0.001
8718;0.007
8719;0.016
8720;0.014
8721;0.008
8722;0.004
8723;0.016
8724;0
8725;0
8726;0.001
8727;0.001
8728;0.002
8729;0.003
8730;0.003
8731;0.004
8732;0.004
8733;0.004
8734;0.004
8735;0.002
8736;0.001
8737;0.001
8738;0
8739;0
8740;0
8741;0
8742;0.003
8743;0.009
8744;0.01
8745;0.007
8746;0.01
8747;0.016
8748;0
8749;0
8750;0.001
8751;0.002
8752;0.002
8753;0.001
8754;0.001
8755;0
8756;0.001
8757;0.001
8758;0.001
8759;0.002
8760;0.002
8761;0
8762;0
8763;0